0,-1.1918212215,0.6633626564,0.9232281909,0.0834582611,0.0269539491,-1.3057216892,-1.1791785156,0.1442149394,0.2515040614,-2.4285991995,-0.1568198702,0.9537006658,0.9416936642,-0.259197897
0,-2.1088284248,0.6464215943,0.1306854627,0.9004173961,2.0204992661,-0.58834691,-0.3245496651,-0.9324631879,-0.6951597925,0.6232852944,1.3710630395,-0.018829924,0.0351816934,-0.5224213853
0,-2.0402961397,-0.8184021441,1.8601510462,-0.2848546883,-0.8365244604,-0.7893788772,1.1382697329,-0.5798578933,-0.6780393117,0.2843012001,-1.1284093407,0.2265783144,-0.4269293933,0.2793557314
0,-2.5135253619,-0.3183033221,1.4308880995,-0.0191147476,-0.6458200609,0.7207272072,-0.1208781563,0.5324799864,0.1041471722,0.3669384799,0.5170034134,1.6965475334,0.3410228271,0.5548937474
0,-0.1119173626,0.745850599,-0.3236045336,1.0639184531,0.3218573629,-2.0919897043,-0.5882528741,0.1325536876,0.4450671201,-0.1761370732,-0.271305102,1.521764985,1.7419182611,-0.3919179904
0,-2.3111631759,-1.0904381649,0.3288592778,-0.3889719524,0.5578712289,-0.5448008515,-0.3965764756,1.5422770079,0.2146667147,0.0584386369,-1.174575656,-1.6332467538,0.3363403283,0.3022127897
0,-1.7144439881,0.6998842275,0.9650220052,-0.0407169364,-0.9886293382,0.2872773613,0.7064359743,0.4672786826,1.0604812364,1.0314630658,-0.2861512037,-0.3531235657,1.9577840819,-0.1752567545
0,-3.2434676597,-0.2774003546,0.2572656903,0.4542117353,0.4248046391,0.6775294685,-0.1171783753,-0.4694117972,-0.9247194248,0.2013648489,0.6637358265,-0.3702291954,0.3958357046,-1.050262677
0,-3.3080269848,-0.5424188064,0.229657182,0.5316637458,-0.2492974707,0.0755780315,0.5999054795,-1.3896218614,0.2249369088,-0.046754232,-0.6831878887,-0.0252136139,-0.2990429484,0.3477501197
0,-2.3358313991,-1.8994500594,-0.1148597112,0.5059520397,0.2999305893,0.2031114169,-0.8051612873,-1.7014163949,-0.7219782908,-0.393914866,-0.3820149225,-0.6688371108,0.5793593341,-0.2935231419
0,-2.2983425715,-1.1102279855,-0.7885997399,0.9350853011,-0.733038963,0.6231344894,-1.2244597844,1.0285506738,-0.3506195964,-0.4527717441,0.6041731608,0.2319260771,-0.0966291063,1.5829231193
0,-1.5909106887,-1.0810808505,-1.151970486,-1.09397334,-0.2909947771,0.4472404618,1.9052016075,1.3882392441,0.2552441972,0.6659485427,0.5011286116,0.7955900017,-0.4951711245,-0.240938998
0,-3.1988600502,0.3588053551,-0.1703944681,1.3243963467,-1.0511153793,0.1212743004,0.0415163896,0.3424707283,-0.4447977069,-0.099876568,0.5981938629,-0.5998008273,-0.4251975687,0.5163099306
0,-1.7222826643,-0.1950872197,0.7414920283,0.4216084567,1.5646256728,1.3458296992,0.7765532512,-0.660062281,1.2839455673,-0.36794154,-0.2971187378,-0.0321765206,-0.1260898221,1.8459879297
0,-2.2928387391,-2.054134098,-0.3669058211,-0.5111522638,-0.1398802103,-1.3069894835,0.147916042,1.2040226066,0.2729777154,-0.4434494122,0.1391723697,-0.614893552,-0.7253398396,-0.703473371
0,-2.2503925507,-0.2343605697,-0.0891597192,0.9800422666,0.4072372022,0.1836381811,-1.2417552903,1.0732213227,1.1060528536,-0.8781744628,-1.5877405067,-0.6480471682,0.7401046878,-0.5907836135
0,-2.4375090264,0.4737910698,-1.0310611983,-0.8862698068,-0.9382768288,0.1483582887,0.9435842986,-1.7654763013,0.2347034805,-0.1350812401,-0.6826636721,-0.042376396,0.5426237495,0.3090707545
0,-1.3558154364,-0.8467327957,1.4463006145,0.564648048,0.7087678831,-0.8162003159,-0.8369424632,-0.4016850987,-0.7385226141,-0.9491034699,1.2969569273,0.0307372261,1.7010877003,-0.3435349086
0,-2.317558568,-1.6944285859,-0.0206568242,-0.3078786563,0.6914602448,-0.4792886975,-0.5323280366,0.5649292081,-1.7362655766,-0.1397175084,-0.1396433349,-0.9395577823,0.3748434878,-0.7522521042
0,-2.6387546176,0.8336075303,-0.4229064142,-0.3609899963,0.0466575824,1.3128586064,-0.6290863132,0.5339738447,0.0802820053,-1.1301964407,-0.574365219,1.6141553365,-0.6369050398,-0.1629874119
0,-1.910627961,0.9827862072,-1.2658971189,-0.2240468786,-0.8366647887,0.3429694775,0.7795601112,-1.428785323,0.2353401119,-0.9119470809,-1.6895112301,0.6031887904,0.3234807215,-0.549590011
0,-1.9189570557,1.084087119,1.0237419049,1.1478632292,-0.3612070324,-0.9357780966,-0.8419323225,0.1135189181,0.2001485134,0.6850055202,-0.6926489834,1.5928566172,-0.1737433862,-1.1246468393
0,-2.621225359,0.9335070739,0.014096765,0.8708300013,1.4856807452,-1.3388706176,-0.0157871869,-0.3920743126,0.3309587629,0.4696163122,0.8601936191,0.3950993852,-0.2413054184,0.3825268114
0,-2.2689511514,-0.1301750759,0.1110388118,-0.0818364516,1.1637185715,-0.5825643566,-0.1627256124,0.0381684234,-1.705129468,1.6039794291,0.0829240325,-0.397698605,-0.7960415765,-1.0338686069
0,-2.5135253619,-0.3183033221,1.4308880995,-0.0191147476,-0.6458200609,0.7207272072,-0.1208781563,0.5324799864,0.1041471722,0.3669384799,0.5170034134,1.6965475334,0.3410228271,0.5548937474
0,-2.2401568531,-1.3901466988,-0.0839840978,0.1441331256,0.009103228,-0.0881500861,-0.7062495025,0.8352348675,2.0885409587,-0.2513715437,0.2087921762,-1.3828774335,0.1355515002,-0.5882923115
0,-2.2943427645,-0.1821801852,-0.2292439455,0.2909428944,1.2151393821,1.0761139984,-1.013552125,-0.3100926364,-0.7994052058,1.5921666102,0.8922824917,1.0033568864,-0.4464808973,-0.265265991
0,-2.6817938178,-0.112904594,0.4324869094,0.8071263028,0.8597292906,-0.4640323657,1.1192360539,-1.5545068092,0.3441570768,-0.8677011077,0.011268411,0.0140206679,-0.0907270661,0.893532979
0,-2.0753455657,0.2296975403,-0.6393884635,-0.2650017378,0.1545105954,1.7432569375,0.6795544627,0.9207469818,1.087682704,1.0080893328,-0.2189367069,0.1168711991,1.1894164309,0.730411525
0,-1.4504974906,-0.8012057366,1.9134124704,0.1967444883,-0.9840629561,0.3522834418,0.6555857888,-0.8499411092,2.1206486682,0.3263161471,-0.2691044094,-0.630670646,-0.3897342691,-0.4616326726
0,-2.4881337488,-0.2662982127,1.7711708568,-0.3918940936,-0.6972408715,-0.9379511478,0.7299483563,0.8807410462,-0.80157709,0.3787512987,-0.2923550459,0.2954920421,-0.0085378521,-0.2137088685
0,-1.5382018606,-1.0469577232,0.886452424,0.5373806054,-0.5876931222,-1.604807337,-1.365891047,-1.455176658,0.402253016,0.8665916461,-0.7315521743,0.6486835154,0.2289232713,0.4907534613
0,-2.3589020896,-0.4471986369,-0.2568524538,0.3683949049,0.5410372723,0.4741625614,-0.2964682702,-1.2303027006,0.3502511279,1.3440475293,-0.4546412235,1.3483724679,-1.1413595504,1.1327468057
0,-2.8027488325,-0.6764879217,0.1001660094,0.1201997906,0.7284715163,1.8023799798,-0.2868502608,-0.0119261935,-0.9097446702,0.349299289,0.8794115785,0.6911918968,0.1224889962,-0.2473244234
0,-3.6063545102,0.72369996,-0.0309708128,-0.6892009798,-0.3586213349,-0.0066030936,-0.2953902404,-0.2602027374,0.0646706193,-0.50126504,0.216806587,-0.0928309421,-0.1444153035,-0.1072649
0,-3.7558645939,0.009685125,0.1406769925,0.4246243406,-0.1100138819,-0.0729942391,0.1915841029,0.0709770781,0.1013991306,0.0476958666,0.1528664062,0.0437001138,0.1193485928,-0.1453144803
0,-2.262353593,0.2834812725,0.4609260612,1.1423807727,0.2535440743,0.9552007739,0.2628703748,-0.6159719586,1.1503872761,-0.4717949452,-2.2140983475,-0.4872667081,-0.2802020241,-0.3613939487
0,-2.6800677239,0.6757102965,0.2957103317,1.2728904454,-0.6498858742,0.806285854,-0.1314945277,0.7794296527,0.480016029,0.2519485596,0.0741309621,-1.7074191079,-0.1872136164,0.6658266277
0,-0.391482271,-0.5617681909,0.9234149528,1.3483528943,-1.3049075719,-0.1142018461,-0.3569353498,-1.8539617017,-0.2661409961,1.2234548884,1.2240262817,-0.268317626,-1.4647471647,-0.8724147232
0,-2.1090032038,-0.7622804426,-0.0550622248,-0.7262603927,-0.259608337,0.8153158062,0.1756502583,-2.162486029,0.1452145786,-0.592109078,0.6813068374,-0.6649390578,-1.1100159485,-1.3753179603
0,-1.6682288003,-1.5042356323,-1.3834157777,-0.975586228,0.0199366961,-0.0985727821,0.4374157186,1.5181290627,-0.6486771835,0.315181848,-0.4982529674,0.6551608928,0.9304402618,0.8789054006
0,-1.3517168144,0.27742122,0.7178460656,1.2117260943,-1.700442504,-1.0132978243,-0.4564942481,0.1470261131,0.636439781,1.1642360047,1.5492111562,0.2145254108,-1.3228427353,-0.4605311264
0,-2.7101912022,0.8355852038,0.3719458718,1.0353413675,0.3928276632,0.8066285033,-0.1454510018,0.8446269809,1.0268494979,-0.3773448466,-1.3780440526,-0.4183529805,0.1381895171,-0.8544585486
0,-2.8853466355,1.0258950011,-1.1200413877,-0.9933092121,-0.7989932399,-0.0002139819,0.5352629221,-0.3048773619,0.1111657022,-0.0406311415,0.1533906227,0.0265373317,0.9610152907,-0.1839938455
0,-3.1465558588,-0.3462458134,-0.4920764037,-0.7445000807,-0.3442117959,-0.6295934159,-1.3916945288,-0.0316083956,0.143873975,-1.0020946563,0.0071101329,-0.3225251298,0.4574998672,0.1564100352
0,-0.9127756866,0.2584361691,1.4874909484,-0.2797003776,1.2021206327,-1.0789770151,0.3529051811,0.8751752592,-0.557042703,0.9486061844,0.6306479191,1.7083124056,-0.6425385716,1.1170706768
0,-1.4613227497,1.6018282582,-0.5612956064,-0.8334334682,0.3765860499,0.4272292374,-1.573531737,-2.5538458323,-0.7636625734,-0.5250055826,-1.0384147515,0.2455251412,-1.3381965508,-1.3577012495
0,-1.3048960381,0.5123362298,1.6629291235,0.7833404695,-0.5293156076,-1.2832930055,1.0992112174,0.9873497486,-1.2285537595,-0.5897680115,0.8474287105,-0.3087746173,-0.3447681312,0.9936984016
0,-1.0443159819,0.8381543093,-0.5921074086,-0.1778899288,-0.4046805184,1.194084451,-1.1433610203,0.7062735212,1.5517264732,0.9437264927,1.156302933,-0.559629161,-2.1169903302,0.6327034306
0,-1.5484645003,0.7386926778,-0.874224384,0.3972211905,0.2561226354,1.9378681263,0.5155302752,1.2574379602,1.0883193355,0.231223492,-1.2257842649,0.7624363855,0.9702734029,-0.1282492405
0,-3.2187478309,-0.6371058667,-0.0889833066,0.2509381278,-0.406535816,-0.1501713175,0.5630657033,0.1696816013,1.0845238671,-0.102367055,0.9425515311,-0.0455649651,-0.7043476228,-1.0014839438
0,-3.7558645939,0.009685125,0.1406769925,0.4246243406,-0.1100138819,-0.0729942391,0.1915841029,0.0709770781,0.1013991306,0.0476958666,0.1528664062,0.0437001138,0.1193485928,-0.1453144803
0,-3.3151457667,-0.3894024421,-0.0164226883,0.0906123958,0.1936529954,1.0518562722,0.0219122175,0.5284626818,0.1163738852,0.1956303067,0.3685421582,1.105121206,-0.1539981155,0.6576237733
0,-3.6063545102,0.72369996,-0.0309708128,-0.6892009798,-0.3586213349,-0.0066030936,-0.2953902404,-0.2602027374,0.0646706193,-0.50126504,0.216806587,-0.0928309421,-0.1444153035,-0.1072649
0,-2.1693968836,-0.3999900736,0.5490756071,0.8367136975,1.3945478115,0.2864913419,0.8104735756,-2.0948956845,-0.6819614786,-0.7140321254,0.5221378314,-0.3999086413,0.1857600457,-0.0114152178
0,-3.0794734448,1.2326950975,-0.2658067333,-0.0269780516,-0.2570092949,0.1880080952,-0.4594144278,0.0764882409,0.0653072507,-1.2781308808,-0.790040971,0.5527342443,-0.3635583315,-0.9659256655
0,-3.1585169011,0.1715960287,0.0580093767,-0.5821615746,-0.4979049237,0.141969177,0.1129311362,-1.7208016769,0.1882083975,-0.5957151387,-0.6192477079,-0.1617446698,-0.5628068447,0.3857997
0,-2.2585648931,-0.307577871,0.9065535665,-0.3040854568,1.0782802107,0.8287131784,0.3909653346,0.7732937908,-0.8906551965,0.7129372354,-0.4540097815,-1.8174818752,0.0109122694,-0.8664103422
0,-3.6063545102,0.72369996,-0.0309708128,-0.6892009798,-0.3586213349,-0.0066030936,-0.2953902404,-0.2602027374,0.0646706193,-0.50126504,0.216806587,-0.0928309421,-0.1444153035,-0.1072649
0,-2.2648766819,-1.0304411867,0.2622648991,0.3474067331,0.8404436831,0.7395506999,-1.3864935811,0.196141469,0.0792976668,0.0523603602,-0.0700235284,-1.7075416638,1.2357348276,-0.6370710447
0,-2.6719789848,0.8678004925,-0.4052303887,1.986619275,-0.9495033392,0.3158854892,-0.1225077979,0.6791617066,-0.4441610754,-0.8767424088,-0.4086536951,0.0457643591,-0.6443405967,-0.3423508349
0,-3.3080269848,-0.5424188064,0.229657182,0.5316637458,-0.2492974707,0.0755780315,0.5999054795,-1.3896218614,0.2249369088,-0.046754232,-0.6831878887,-0.0252136139,-0.2990429484,0.3477501197
0,-2.0825580303,-0.4840416677,-0.9565726234,-0.2559633652,-0.53912169,-0.5121593055,-1.1842371159,0.4037871059,1.127635343,-1.9290234186,-0.2100523002,0.2337749777,-0.5853393764,-1.5584201939
0,-2.5160643929,0.6287851074,-0.4822887826,0.069010207,-0.1491562819,0.6184064263,0.8492263481,0.4632613781,1.0727079494,0.8601548927,-0.4346124589,-0.9445498931,1.4627631393,-0.0725267286
0,-2.6804454185,-0.6933282712,-0.3088933273,-1.4512913714,-0.0919657292,-1.1634212596,-0.7105399017,0.7741382679,-0.7468755325,-0.8423473973,-0.5865725744,-0.662159529,-0.1654075203,0.1907456728
0,-1.0793180486,1.2524497877,0.3523131806,1.0123048154,1.1980548194,-0.9934183683,0.3422888097,1.1221249256,-0.1811738462,0.8336162641,0.1877754678,-1.6956542358,-1.1707750151,1.2280035571
0,-1.9043244732,1.819239344,0.3268922537,0.4345276819,0.210533434,0.3330666023,-0.0991382966,0.2833648894,0.5625076856,-1.1179592227,0.8325274426,-1.804715882,-0.2426616303,1.2496590673
0,-2.5160643929,0.6287851074,-0.4822887826,0.069010207,-0.1491562819,0.6184064263,0.8492263481,0.4632613781,1.0727079494,0.8601548927,-0.4346124589,-0.9445498931,1.4627631393,-0.0725267286
0,-2.8853466355,1.0258950011,-1.1200413877,-0.9933092121,-0.7989932399,-0.0002139819,0.5352629221,-0.3048773619,0.1111657022,-0.0406311415,0.1533906227,0.0265373317,0.9610152907,-0.1839938455
0,-1.9002174843,1.235702115,-1.0749738099,0.5667217691,1.0453088401,-1.3324815059,0.8148659756,-0.4367489371,0.3774538459,0.9302502107,0.7967776549,0.5144676589,0.8641251757,0.3057978659
0,-1.371767345,0.4525022626,1.5503877423,0.8681422632,0.5069241,-1.521427412,0.2497438159,-1.8486559476,0.4422698281,0.5464743867,0.1726005795,0.9176119849,-0.164676017,0.7728613855
0,-3.0493499665,1.0728201902,-0.3420422734,0.2105710263,-1.2997228323,0.1876654458,-0.4454579537,0.0112909128,-0.4815262182,-0.6488374746,0.6621340437,-0.7363318832,-0.6889614649,0.5543595109
0,-2.0666519999,-0.2637578709,-1.7389091282,0.2359601113,-0.0493083821,-1.415861431,-0.8007688874,-0.0432696475,0.3374370337,1.2503674701,-0.1073750989,0.2455391894,1.2577244641,0.0236899418
0,-2.7882647013,0.1195926953,-0.2512586089,0.7528353241,0.2952650354,1.246467461,-0.1421119699,0.8651536602,0.1170105167,-0.581235534,-0.6383053999,1.7506863924,-0.3731411435,-0.2010369922
0,-1.0092115642,0.3161187218,-1.3833061108,1.3276580183,-0.6092844864,0.3004934089,0.245026586,-2.0013581539,-1.1905439366,1.6628435354,0.2224639374,-0.6511106008,-0.0306412975,0.0097558208
0,-3.0979484423,1.2180076966,-0.3603807677,-0.518457876,0.1280465309,-0.732869075,-1.0220921046,-0.5583691803,0.1750100836,0.7416022812,0.2296775002,0.2193340475,-0.7133851971,-0.1252064675
0,-2.5079756538,0.8208753035,-1.183229503,0.7827390366,-0.4487737469,0.1280060614,0.8582130779,0.362993432,0.148530845,-0.2685360756,-0.9173971161,0.808633574,1.005636159,-1.0807041913
0,-3.2370722676,0.3265900664,0.6067817923,0.3731184392,0.2912156232,0.6120173145,0.0185731857,0.5079360026,1.0262128664,0.3995209942,-0.3711964946,-1.0639181668,0.3573325451,0.0042022169
0,-3.7558645939,0.009685125,0.1406769925,0.4246243406,-0.1100138819,-0.0729942391,0.1915841029,0.0709770781,0.1013991306,0.0476958666,0.1528664062,0.0437001138,0.1193485928,-0.1453144803
0,-1.7692066163,1.5047108463,-0.7366042039,-2.0516010286,-0.7856547768,0.8997609878,0.2835990381,-1.6596971924,1.122788705,-0.3322170192,-1.1427863921,-1.2865257325,0.5168438055,0.496637032
0,-2.3295196103,-1.1765867437,0.5294289561,-0.1455401502,0.5377671169,0.2922738954,0.9722976284,-1.1242640731,-1.6919311541,0.2666620092,-0.7660011756,-0.7787773222,-0.6454632241,-0.5228624394
0,-3.2897541536,-0.3373973328,0.323860069,-0.2821669502,0.1422321848,-0.6068220828,0.8727387301,0.8767237417,-0.7893503769,0.2074431256,-0.4408163011,-0.2959342854,-0.5035587947,-0.1109788426
0,-2.4966098831,0.5985253842,0.002950269,-1.6663995003,-0.2116938558,0.95888403,-0.6828056854,-2.5923703677,-0.8746386692,-0.991007063,-0.0444381067,-0.7122050348,-0.5500836292,-0.4810989164
0,-0.9016660384,-0.6759734113,2.1795694713,0.0201952634,0.8073208218,-0.5784655668,1.348837829,-1.2851317164,-1.5849376992,-0.3829766933,0.0769163793,-0.148116713,0.0578736009,-0.079809606
0,-2.2729509584,-1.0582228762,-0.4483169826,0.5623059551,-0.7844597736,-1.0355438656,-0.3736332717,1.3768117336,-1.2563438586,-0.4409589252,-0.2051852985,-1.1691294142,-0.4461897855,0.8143205034
0,-0.7786350237,-1.5820120089,-0.4539050358,0.0104516794,1.334256492,1.0609581514,-1.9113857304,0.454165153,1.1877366224,1.2930991999,0.9482082617,-0.4232206609,-0.43027799,-0.7082438222
0,-2.329436007,-1.2954596384,0.2346563908,0.4248587436,0.1663415734,0.1375992629,-0.6694097263,-0.7240685951,1.2289540005,-0.1957587207,-1.4169472436,-1.3625260823,0.5408561746,0.760941752
0,-3.3151457667,-0.3894024421,-0.0164226883,0.0906123958,0.1936529954,1.0518562722,0.0219122175,0.5284626818,0.1163738852,0.1956303067,0.3685421582,1.105121206,-0.1539981155,0.6576237733
0,-2.0796038646,-0.3158191682,-0.4463463572,-0.8030494685,1.0684818427,-0.0443533018,-1.0420358398,0.2609922603,0.2780688976,-1.6751070918,0.9172421846,0.7781302441,0.3924690413,1.505131148
0,-2.7327496099,0.0117228973,0.0127886083,0.617605056,-0.7988693126,-0.4125535434,0.7226710167,1.1482173918,-1.3355472144,0.059870691,0.0045111556,-0.9394352265,-1.0481049562,0.5506455682
0,-2.8853466355,1.0258950011,-1.1200413877,-0.9933092121,-0.7989932399,-0.0002139819,0.5352629221,-0.3048773619,0.1111657022,-0.0406311415,0.1533906227,0.0265373317,0.9610152907,-0.1839938455
0,-2.5264506513,0.8061879026,-1.2778035373,0.2912592121,-0.0637179211,-0.7928711087,0.2955354011,-0.2718639893,0.2582336779,1.7511970863,0.1023213552,0.4752333771,0.6558092934,-0.2399849933
0,-2.7327496099,0.0117228973,0.0127886083,0.617605056,-0.7988693126,-0.4125535434,0.7226710167,1.1482173918,-1.3355472144,0.059870691,0.0045111556,-0.9394352265,-1.0481049562,0.5506455682
0,-2.8490353264,-0.7364848999,0.1667603882,-0.6161788949,0.445899062,0.5180284284,0.7030668447,1.3342093454,-0.7743756223,0.3553775657,-0.2251405491,0.7654868068,-0.776905503,0.691959411
0,-3.7558645939,0.009685125,0.1406769925,0.4246243406,-0.1100138819,-0.0729942391,0.1915841029,0.0709770781,0.1013991306,0.0476958666,0.1528664062,0.0437001138,0.1193485928,-0.1453144803
0,-1.0249428156,1.5045369618,-0.4152219185,2.4624123305,1.1810098087,-0.1994671818,-0.6386415659,-0.3242785594,-1.2407199985,-0.3011529809,0.8095429382,-0.0167656787,-0.7285074961,-0.71945774
0,-1.9322308741,0.3397219544,-1.1605523709,-1.2977337621,0.0394921583,1.8751602369,0.0568285584,-0.3877806334,-0.8999780985,0.2609722809,0.8799357951,0.6740291147,0.9641556941,-0.2860037886
0,-2.9197276634,0.7909238034,-0.4322789173,-1.9767125131,-0.9037507221,-0.0173890266,-0.4108829833,-0.4926780298,1.0110668445,-1.2002888682,1.0704318927,-0.3186270768,-1.2318754154,-0.9253847832
0,-2.9542441891,0.080784245,1.5879877804,0.3148971972,-0.9494869382,-0.404123304,0.0487937291,0.0749943826,0.0891724176,0.2190040397,0.3013276614,0.6351264412,0.6143695354,-0.2480445062
0,-2.8067396988,0.1049052944,-0.3458326432,0.2613554996,0.6803208611,0.3255902908,-0.7047896467,0.2302962389,0.2267133496,1.4384976279,0.3814130714,1.4172861956,-0.7229680091,0.6396822058
0,-2.2808285905,0.2687938716,0.3663520268,0.6509009483,0.6385999001,0.0343236038,-0.299807302,-1.2508293798,1.2600901091,1.5479382167,-1.1943798762,-0.8206669049,-0.6300288897,0.4793252493
0,-2.6278471357,0.0895320227,0.2688009614,-1.3664048758,0.4284432527,0.2100927702,0.0770019086,0.0051550508,-1.8521974437,-0.1878487988,0.1339933001,-0.8463946504,-0.4908355792,-0.977877459
0,-1.4644972056,-0.1277447566,0.2419703896,-1.2646285317,1.2409480798,-0.4066947054,0.9678140834,-0.0610253738,-0.7498525392,-1.158858596,1.6181347247,-0.8964254475,-1.1062159124,-1.2882640633
0,-3.165635683,0.3246123929,-0.1880704936,-1.0232129246,-0.0549544576,1.1182474176,-0.4650621258,0.1972828663,0.0796453739,-0.3533305999,0.432482339,0.9685901501,-0.4177620118,0.6956733536
0,-1.5373397498,1.7916224414,-0.5318106162,2.4328249357,0.6461912878,-0.9499908894,-0.3298790877,0.2161103159,-0.2146014431,-0.4548219632,0.2986735178,0.3971636305,-1.0049946079,0.1854904568
0,-2.5160643929,0.6287851074,-0.4822887826,0.069010207,-0.1491562819,0.6184064263,0.8492263481,0.4632613781,1.0727079494,0.8601548927,-0.4346124589,-0.9445498931,1.4627631393,-0.0725267286
0,-2.8490353264,-0.7364848999,0.1667603882,-0.6161788949,0.445899062,0.5180284284,0.7030668447,1.3342093454,-0.7743756223,0.3553775657,-0.2251405491,0.7654868068,-0.776905503,0.691959411
0,-3.1585169011,0.1715960287,0.0580093767,-0.5821615746,-0.4979049237,0.141969177,0.1129311362,-1.7208016769,0.1882083975,-0.5957151387,-0.6192477079,-0.1617446698,-0.5628068447,0.3857997
0,-2.5135253619,-0.3183033221,1.4308880995,-0.0191147476,-0.6458200609,0.7207272072,-0.1208781563,0.5324799864,0.1041471722,0.3669384799,0.5170034134,1.6965475334,0.3410228271,0.5548937474
0,-2.7836690083,-1.3473461281,-0.2038399007,0.3989126345,0.4392141781,0.0545391463,-1.2134826638,-0.2408174554,-0.845516069,-0.2994647674,0.4540393724,-0.5999233831,0.9977508753,-0.7865877419
0,-3.2289835285,0.5186802624,-0.094158928,1.0868472688,-0.0084018418,0.1216169497,0.0275599155,0.4076680564,0.102035762,-0.7291699742,-0.8539811518,0.6892653002,-0.0997944352,-1.0039752458
0,-2.2983425715,-1.1102279855,-0.7885997399,0.9350853011,-0.733038963,0.6231344894,-1.2244597844,1.0285506738,-0.3506195964,-0.4527717441,0.6041731608,0.2319260771,-0.0966291063,1.5829231193
0,-1.2587198062,0.5302045649,0.3526903269,-0.525259222,-0.6509449108,-1.6578280174,0.8338996545,0.5378999788,-0.6447425426,2.0822525185,-0.3429000969,0.7270253054,0.5279228485,-0.3083793816
0,-2.4944455377,-0.9891615284,1.1268821894,0.2595980963,-0.9350773991,-1.0271136263,-1.0475105593,0.3035887244,0.1683757734,-0.2818255765,0.0916312073,0.4054322535,1.2162847061,0.0156304289
0,-3.7558645939,0.009685125,0.1406769925,0.4246243406,-0.1100138819,-0.0729942391,0.1915841029,0.0709770781,0.1013991306,0.0476958666,0.1528664062,0.0437001138,0.1193485928,-0.1453144803
0,-2.2401568531,-1.3901466988,-0.0839840978,0.1441331256,0.009103228,-0.0881500861,-0.7062495025,0.8352348675,2.0885409587,-0.2513715437,0.2087921762,-1.3828774335,0.1355515002,-0.5882923115
0,-2.6381497908,0.1480619231,-0.8214863586,-0.5737569769,0.1424560699,-1.3558593972,-2.1183963931,-0.3297748386,0.2542134394,0.2407726649,0.0199810461,-0.0103601402,-0.1114700264,0.1384684676
0,-3.2897541536,-0.3373973328,0.323860069,-0.2821669502,0.1422321848,-0.6068220828,0.8727387301,0.8767237417,-0.7893503769,0.2074431256,-0.4408163011,-0.2959342854,-0.5035587947,-0.1109788426
0,-1.7651497172,0.1216304676,-0.3791469931,0.9458160395,-0.3935903953,0.9069081567,0.3889749439,1.9423939739,-1.3199358283,-0.5690607096,-0.7866606504,0.7675510521,-1.5405946925,0.4949230563
0,-1.3310956076,-1.2064383077,1.1000516176,0.3613744404,-0.122572572,-1.6439011019,-0.1566983845,0.2374082998,1.2707206778,-1.2528353737,1.5757726319,0.3554014563,0.6009043729,-0.2947561754
0,-2.6108391006,0.7561042788,0.8096115197,0.6485809962,1.4002423844,0.0724069173,0.5379037601,0.3430510548,1.1454330344,-0.4214258815,0.3232598051,-1.0246838851,0.5656484275,0.5499850761
0,-2.3215494342,-0.9130353697,-0.4666554768,-0.1667229472,0.6433095896,-1.9560783864,-0.9502674226,0.8071516405,-0.5998075568,0.9494808306,-0.6376418419,-0.2134634835,-0.4706135176,0.1347545249
0,-1.777918716,-1.0272971184,-0.0516559613,0.3134091705,-0.1919612982,-0.3408157018,1.4885175196,-0.1484796963,0.3179487693,-0.8139357354,-1.494033029,0.1914520944,-1.9647895796,-1.3327444717
0,-2.631838002,0.8709252388,-0.1771976913,-1.2252491668,0.3802925975,-1.2666969187,-0.3409374774,0.2473774832,-0.7157394239,0.9013495402,-0.364005207,-0.1203003517,-1.3362925846,-0.0908708299
0,-2.1693968836,-0.3999900736,0.5490756071,0.8367136975,1.3945478115,0.2864913419,0.8104735756,-2.0948956845,-0.6819614786,-0.7140321254,0.5221378314,-0.3999086413,0.1857600457,-0.0114152178
0,-1.985343022,-0.6219963053,-1.0614651839,-0.0235827097,-0.3120892001,0.6067415019,1.0849563875,-0.4153818985,0.1049003947,0.5119358258,1.3900049872,-0.3401260005,0.6775700831,-1.983161086
0,-2.6719789848,0.8678004925,-0.4052303887,1.986619275,-0.9495033392,0.3158854892,-0.1225077979,0.6791617066,-0.4441610754,-0.8767424088,-0.4086536951,0.0457643591,-0.6443405967,-0.3423508349
1,1.1026058653,-0.4943239823,-1.3289019337,1.0850802823,1.6615729221,-0.2539301859,-0.147432919,-1.3367879841,1.4626515283,-0.0864641567,-0.4793290077,-0.7493877389,0.5192806257,-1.4077243276
1,1.3265915789,-0.997926581,-0.066082379,1.4289194843,-1.7146962586,0.8750856671,-0.2329197163,-0.5982256387,0.6746683455,-0.4846488637,-0.5928675087,-1.1528616239,0.830409418,-1.3766712343
1,1.4299899478,1.0647933128,0.0146118819,1.2053932671,0.0342314372,-1.746537455,-0.2301768776,1.6467529258,-0.067065489,0.1878628788,-0.9437232534,-0.5689886359,0.8124486644,0.4535587553
1,-0.9416611608,-0.0091671395,1.2019936051,-1.5619488497,-0.2947971704,-0.3244032018,-0.2450783601,-0.751718548,-0.589453604,1.1261420548,-0.8359224947,1.4636333403,-1.5330098915,1.1024019978
1,0.0928465172,-0.1905629402,-0.8883103065,0.8435860177,-0.1133696637,1.469310272,1.8286203006,-0.3345387321,1.7673685493,-0.2049429976,0.8744778796,-0.6455742668,-0.388901605,1.5747139316
1,0.9214333191,-0.4078977578,-0.4463172964,0.4209900274,-0.765132042,-2.7033372758,0.4783398275,0.9718075461,-0.0093911198,0.4628406704,1.3768723303,-0.1962006206,-0.0300884755,0.3065333601
1,1.4670546205,-0.7291761995,-0.3474046242,-1.8970318492,0.7658474005,-0.9558404509,-0.3370011661,0.2862308089,-0.5110665944,0.3630556208,1.7220302268,0.9582610476,0.2538341931,-0.4190514136
1,1.4939379743,-2.0609790478,0.9544975572,0.2007446566,-0.3333555839,0.5388420528,-1.1147678138,0.0748238318,-0.1378986573,1.3821320988,0.1122599715,-0.8838434014,-1.5211021375,0.3780508004
1,1.1576239764,-2.4101217774,-0.1950323225,-0.460149856,-0.6189113223,0.5868282415,0.601641656,-0.043445946,-0.5797233057,-0.3812198576,-0.8921390199,1.3200442909,0.2407175314,-1.3505384511
1,-0.1747580981,-2.1666941757,-0.6098614245,1.1734884452,0.4750007962,0.905442992,-0.2340887113,-1.0386175657,-0.1508554691,-1.3645626577,1.7631297108,-0.3009477569,-0.853913869,0.8606529183
1,1.9233586633,0.2798486329,-0.3547614962,1.6479182025,-0.2309737984,0.6720385685,0.6593523142,-1.2693446919,-0.0848143591,0.2342105107,1.0638948111,1.5972712081,-0.6434904245,-0.4590833213
1,1.5349440275,-0.0261149686,-0.519343751,-0.0869662802,0.1722629078,-1.2036796591,-0.6041867188,-2.1009094195,0.4888825681,-0.8159420177,0.2571353292,0.8131258133,0.5125537197,-1.6219214704
1,1.8278788649,-0.3506024803,-0.6415722042,1.1586112381,-0.7850779267,1.1250979264,-1.5376148425,1.0216924616,0.6764447863,1.0006029962,0.4717334514,0.2896381856,0.4064843573,-1.0847391483
1,0.9261491575,0.5086739356,-0.5633718304,-0.2768794069,0.2376331982,-0.752175777,-0.8365777263,-1.2017394637,0.5468511417,-0.6716136383,-0.8277434641,2.3777412936,0.7864161152,0.9421344435
1,1.7797590952,0.3123706804,1.5230206103,-0.8198680839,1.5553677227,0.6889557726,-6.37682404096279E-05,-0.5846379451,0.4122231123,-0.1162394733,-0.3718221086,0.5376201397,-1.8530621887,-0.8220768716
1,0.5849999376,-0.069989733,-1.3667716309,-0.5997635951,-0.1900068288,-0.104922058,-0.8301083358,-0.8612380396,-1.1140048639,1.1246253991,-1.041037944,-2.4645885243,-0.0774134583,0.495332671
1,0.7053660677,-1.0818716867,1.0786449336,-0.5831690965,-0.0643117123,0.1840543071,-0.5541804015,-0.6587379362,-2.0736849375,-1.4324052106,0.5921633147,-0.0964218056,-0.4218679945,1.6864775739
1,2.479503645,0.1309168415,-0.0984597195,1.061294449,0.2725280239,-1.0731908258,-0.1674577555,1.2050685736,-0.1100593079,0.1914689395,0.3568312919,-1.072183024,0.2652395606,-1.307558905
1,1.4934563563,0.7992642653,0.215844029,-0.1697552997,-0.4174811163,1.0080449299,1.208752862,-0.5953159241,-2.1057565789,-1.2478075366,-0.2684037534,0.8982058423,-0.1374955991,0.4874129277
1,0.6110207933,-0.9493054586,0.5618891378,0.153537237,1.0216202776,-1.5845332269,-0.5359416944,1.5391651025,0.5059220208,-0.4791521941,0.2037890318,2.0349183253,-1.0834626446,-0.3340846172
1,0.806762552,-0.3652158068,-0.4679595651,1.0744949915,-0.5564728861,-0.8189095718,-0.335646909,-0.9357569763,0.0367461841,0.5066406745,0.5604913698,1.225206222,0.724776878,2.4243700396
1,0.4553465571,-1.0036811814,-0.9497507717,-0.0144926324,0.0454329289,-0.1179062251,0.1048298635,0.313029136,-0.0515783011,-2.6843111283,-0.2843297939,0.2823812837,-2.2362152926,0.9793255675
1,-0.1780771801,-0.9735903382,-0.369328323,1.1451384159,1.2067697855,-1.402324266,-0.4814456633,-1.0872274719,-1.9293650034,0.040180404,0.17695704,-1.3005731797,-0.9487482261,0.9302781983
1,1.9416314945,0.4848701064,-0.2605586092,0.8340875065,0.1605558571,-0.0103615459,0.9321855648,0.9970009111,-1.0991016449,0.4884078683,1.3062663987,1.3265505366,-0.8480062708,-0.9178122837
1,0.432517389,0.5625500021,-0.0232028497,1.607880936,0.8638613364,-0.7274119873,0.9580675992,0.0969214876,0.9261253,-0.1877625968,-0.8654412602,-1.2082678559,-2.6320058,0.006237928
1,0.1685715561,1.081751391,1.4608709926,-1.0286838333,0.8821464844,1.1571709776,-1.2991973196,0.942141419,-0.8136595704,0.9492204225,-1.0199092383,0.6565646645,-0.8192903142,-1.0047548673
1,-0.3478160691,-1.1162315708,0.5299998098,-1.1368192728,-0.4183068552,0.2553097066,0.1216144276,1.9591052917,0.2639098393,0.8383151487,-0.873854613,0.1389689396,1.6634451567,0.9256920719
1,1.9233070577,1.4485660395,0.4352064897,0.9562678179,0.8583072963,0.7518270861,0.3876930472,1.3352553124,-1.1574126456,0.9902959175,-0.0074816269,0.3081973348,0.2136738971,0.087873877
1,-0.5499800119,-2.2702390771,1.2952071986,-0.1925665573,-0.6659865399,0.8541436308,-0.6103903851,-0.1638611637,2.2148267786,-0.0265790291,-0.2631251115,0.2010562584,-0.0611658068,0.6049805161
1,0.8392466696,-0.8182513649,0.7953661834,-2.2324049052,-0.5823108494,1.7666100741,1.2019848714,-0.5029521572,0.2285219316,0.6993398204,-0.1357177277,-0.3399760443,-0.1678345553,-0.5679863432
1,0.0673096159,0.0593937849,-0.5097293675,0.9748047017,-0.10925051,-0.023917339,-0.5796637956,-0.5132442068,1.7490101876,-2.6401676999,-0.4303857395,-1.54702369,-1.1019772444,0.2915683734
1,0.8331096597,-0.1324126437,0.3368252036,0.0457650734,1.4599602261,0.2737848794,-1.0756739677,0.1499183621,0.3581004237,1.2541573176,0.9380247275,0.4160733009,2.2021856448,0.5142495292
1,-1.1724814691,-2.1167268387,-0.141690283,0.6077283839,1.1124354164,-0.4136760587,0.0856508875,-1.7675968196,0.3803666137,-1.3649246632,1.1021265021,-0.7188679079,-0.0360209992,-0.6039097462
1,1.8564268101,-0.3207089441,0.2093079667,1.5440563093,-0.0054806859,1.5375028596,-0.2547426277,-0.4043295059,-0.1742614684,-1.0075983776,-0.4724205819,0.037058829,1.5890748077,0.8282193421
1,0.705905763,-1.0344959869,0.5136332533,1.6189448248,-0.1235766312,0.6203528452,-0.949224649,0.7626896567,-0.2859833289,-1.8756702267,1.7407977029,1.0049574846,-0.1596444131,-0.5938024731
1,0.7361211456,-1.42683361,-0.8058755573,1.1168260462,-2.3470774073,0.5644009172,0.0791817938,-0.0373100841,0.7909479197,-0.8422085334,-0.3639982763,1.4301070581,0.0425916456,0.1816985188
1,0.4433102309,1.6257439488,0.7105533934,0.5984694397,-0.0817901419,-1.3181583215,1.0301515983,1.0814676057,-0.1469054763,1.4655583358,0.2728207588,-0.9848596346,0.4296765217,1.0485445857
1,1.0813296611,0.1287142822,0.1775496529,-0.9150842982,-1.0991778558,-1.2256685954,0.5450564312,1.375753098,0.7683546403,-0.9771624298,0.9038786971,-1.7525149467,0.5131014741,0.5120412051
1,-0.3278766829,-1.2890377557,-0.3413793376,0.6282893307,-2.1521675131,0.4469668068,-0.1282756192,-0.4727055856,-0.1928134482,0.0847202289,-0.1468358431,0.8738069506,1.0854308893,1.8965287479
1,-0.149366485,-2.1146890664,-0.2695786672,0.8007090992,0.4235799856,-0.753235363,0.6167378013,-0.6903565058,-1.0565797313,-1.3527498388,0.9537712516,-1.7020032482,-1.2034745482,0.0920503023
1,0.7989027712,-0.781712642,0.1484775146,-0.1180404915,0.925920962,-0.0241773479,0.3411692536,1.1535635225,-1.5671656526,-0.957653713,-0.1513135502,1.5174573792,1.6911211706,-0.4416507283
1,0.0611816564,0.7823132885,-1.4982862285,1.7351014376,-0.9377833965,0.3524153654,0.58823556,-0.5886148526,1.7441497226,0.9340709183,-1.0296308169,-0.7884994648,-1.1119837007,-0.6506095144
1,-0.4003467194,0.6184734638,-0.0136740794,-1.8896588146,-0.9029210378,-1.2789803502,-0.2631541325,-2.0289294184,0.3841717799,-1.8345104655,0.0144976095,0.2220589696,1.5841118489,1.0538481033
1,2.5499702725,-0.2161673922,0.0537085851,-0.6077143944,-0.216975058,-1.0528385985,-0.0820865348,-0.9234011597,-0.0238866724,0.324923775,0.5915647358,-1.923192994,-0.1977728489,0.0822160408
1,2.3026494697,-1.6637026236,0.4739022046,-0.2361932004,0.891344944,0.732229398,0.9479613132,0.2286280306,0.464310598,-0.8503416056,-0.721745621,0.251660292,0.6870173661,-0.6552388947
1,-0.0904212544,-0.9478931452,-1.9073084956,0.1245162767,0.1003215854,0.1199534836,-0.7481163372,0.9510673947,-2.110653112,1.5641457169,0.4708148228,-0.0901043679,0.0934113185,0.6176400472
1,2.3408616871,-1.6314873349,-0.3032740558,0.7150847071,-0.4509860584,0.2414863838,0.9709045171,0.0631627563,-1.0066999752,-1.3497391678,0.2476447365,0.7157776315,-0.0955127477,-0.143131181
1,0.1267098743,2.6868412417,0.3557225116,0.19143541,-0.5826436616,-0.7179393323,-0.1379773721,-0.0554588734,0.7071155199,0.7568501702,0.9304436468,-0.7817562913,0.7888200129,1.0522585283
1,1.8994194701,-0.4753929826,-0.0427381432,0.5269520057,-0.4452914855,0.0274019592,0.6983347016,2.5011094956,0.8206945378,-1.0571329239,0.0487667103,0.0910023878,0.284375634,0.4182691129
1,0.247611799,0.7842108918,-0.4445196221,1.5165544636,-1.5782971464,0.5383023364,0.0773026176,-0.662775392,-0.1610407082,1.0515513256,-0.9311160338,2.0612313144,-0.304597203,0.7562514797
1,0.999965107,0.8298203392,0.6713595806,-0.7402275866,-0.8122751936,-1.2095324286,-1.7721061894,-1.475264139,1.8097577962,-0.9980872714,0.8017341678,-1.4255286152,-1.2205470637,1.0676071257
1,-0.636953771,0.954009174,0.0695985219,1.6023712941,-1.6945297796,0.7416692435,0.2565925125,0.0981155114,-1.4360112609,-0.0911313548,0.1872610162,0.3426296511,1.2325980519,-1.4267580031
1,1.1879069562,0.1178276657,0.6324284124,-0.1119273399,0.5510984436,1.2457412144,0.4267515627,-0.2319523294,-0.6068981978,1.864365129,-1.9833196782,0.8435502665,0.131512635,-0.6264687931
1,1.8284647529,-1.3444018553,-0.4198627535,0.6854973123,-0.9858045794,-0.5090373238,1.2796669954,0.6035516316,0.0194185802,-1.5034081501,-0.2632246838,1.1297069407,-0.3719998595,0.7618170157
1,1.5604202072,2.4496663542,0.1469699867,-0.1871448972,0.0748813223,0.067694524,0.2094811822,1.5444643722,-0.1680226015,0.2876660286,-0.4544108665,0.5855955881,-0.3265771109,1.0308716541
1,0.1789144356,-1.5856197674,-0.495175244,-1.0882564804,-0.6293904287,-1.2331449068,-0.060594919,1.3226844475,0.4325603044,1.5792944208,0.4527643259,1.4694871309,0.0327950952,-0.0979356564
1,-0.0674078189,1.3366206969,0.9550304753,0.435076119,1.1418838098,-0.2280753097,0.1903022062,-0.5361615834,0.2639223133,1.6070524937,0.9320454296,-0.4156536035,1.8736171825,-0.5523636596
1,2.6470522067,-1.122469698,0.922491364,1.1384301418,0.8772832174,0.1938428443,-0.7594614268,0.2466298623,-0.018041858,-0.2156806175,-0.2001312868,-0.1990439333,-1.5319292832,0.0651728941
1,0.5563014442,1.8956432702,0.2656250261,-0.6718116625,0.8459049584,-1.1859123728,0.39346922,-0.1618626814,-1.58773281,0.0891478777,-0.080481754,0.8613644085,0.5298189184,-1.4881559043
1,1.5010290649,-1.7348017437,-0.9734085832,-0.126466057,1.7308180003,1.0633584629,1.090751687,0.2246107261,0.4765373111,-1.0216497788,-0.8702068762,-0.3397660354,0.1919964234,-0.5525088688
1,0.4789840818,1.6231590919,0.4526645584,-0.7612310429,-0.9046058353,0.0383669287,-0.2849157977,0.3747838626,-1.3289727109,1.8912132871,0.1531740602,-1.5745542814,0.2340838548,-0.36413689
1,0.526396159,0.7367323947,0.0427679501,1.7041476382,-0.8820249525,0.124881768,1.1474046873,0.0319350868,-0.3336663564,-1.062141152,1.6714024408,0.292598854,0.6172177187,-1.7371446074
1,1.1074568782,-1.6465968964,0.6692078215,0.9896055446,-0.5454326743,-0.5154264355,0.449013833,0.6482262561,-0.0270765028,-1.9640420486,-0.1998087196,1.010338667,-1.4774304537,0.8385459612
1,1.5777746868,1.1408638609,0.3982254784,-0.5820026883,-0.7662031179,-1.1803719839,1.3229802319,-0.6116066262,0.9230285272,0.672084409,0.2903917696,-1.279569497,-1.0761751314,0.7234893024
1,2.1839555063,0.1565560705,-0.0346091356,-2.3333341686,-0.5092999106,0.716096769,-0.4203522758,0.9616700109,-0.2795176717,-1.2245199141,1.6943640502,-1.2415542196,0.2524779813,0.4480808423
1,0.4055798809,0.7225421139,0.3157527576,-1.590594525,0.3738576858,-0.8576244873,1.1049053768,-0.9612781202,-0.4237383531,0.7658290777,-0.2048821592,1.6222358958,-0.219263415,1.5714559116
1,0.6985807125,-1.0473382772,0.6578324573,-0.0039575998,-0.2248267604,0.2241663623,0.2268210238,-0.1626771485,-0.6530090611,-0.0272662485,-2.4215627975,-0.7597300031,1.5757444076,-1.147790544
1,1.463814496,-1.9011041405,1.0307330973,-0.0368044213,0.7093579535,0.5391847021,-1.1287242879,0.14002116,0.4089348115,0.7528386927,-1.3399150432,0.4052227261,-1.1956990041,-1.142234376
1,2.9082614299,0.2496711165,0.29452638,0.8896210104,0.4225017733,0.8232222783,1.1674960241,-0.0266391039,-0.0507501308,0.7457828972,-0.0538507969,0.1500185282,-1.0284138597,-0.2752309865
1,0.4211015276,-0.8744238049,0.5936745402,0.0353477016,0.3731035489,-0.2019767289,0.1921813824,0.0893037245,1.2159109412,-0.2867073654,1.4991631872,-1.0467778597,2.2208060311,-1.1269166204
1,2.5684452699,-0.2014799913,0.1482826195,-0.1162345699,-0.6020308837,-0.1319614284,0.480591142,-0.2885437385,-0.1335895054,-1.694809387,-0.4281537354,-1.5897927972,0.1520540166,-0.7585031571
1,-0.5261574727,-0.9260389781,-1.2247075168,-0.2045434692,-0.0774105703,-0.4209776293,0.6415340997,1.9329978849,1.2449231656,-0.4078562269,-1.4551540533,-0.9575783725,0.3989316788,-1.4893463849
1,0.3987542269,-0.1791791676,0.3482455658,0.4199352128,0.3048487818,-0.8416916711,1.1431161004,-2.3350149241,0.4457710922,1.0107143459,1.4097391605,0.5337858706,0.3935454733,-1.0649852203
1,2.5397345748,0.9396187369,0.0485329638,0.2281947467,0.1811589162,-0.7810503314,-0.6175923226,-0.6854147045,-1.0063747775,-0.3018791442,-1.2049679471,-1.1883627287,0.4067803387,0.0797247389
1,0.0006291397,-2.525109268,0.6346196359,0.7882987449,-1.4734990213,1.1139243242,-0.8962096595,-0.8697153133,-0.2823023501,-0.3723076089,1.2171346663,0.2512442888,-0.5672088087,0.2121400331
1,-1.0425727687,-0.868369481,1.3919799048,0.2809053731,-1.4739590805,0.5297401735,0.8185301341,0.1491213606,-1.2092613945,0.2846632056,-0.467406132,0.6444984655,-1.2448222631,1.7439183959
1,1.6961535226,-2.0756889482,-0.6006778175,-0.0518576743,-1.174956994,-0.1397803891,-0.1111037341,-0.4068097171,-1.0162173102,1.4909408698,0.5729069081,0.343143153,-0.6536554957,0.1518051577
1,2.072868747,0.9938634679,-0.5264093015,0.5340928821,-0.4795812514,0.7384297139,0.1723779709,-1.6005245074,-0.1215428704,-0.314750396,1.127834992,1.4607401522,-0.9072543208,-0.421033741
1,1.2733055058,0.8466624645,1.1114336891,1.7934811281,0.7499112005,1.2020887397,-0.7526331421,0.6728877965,0.6699665155,0.2198518383,1.4393021694,0.4391983813,-1.0925455251,-0.7259022786
1,1.9607113187,-0.1859880999,-0.5645645193,1.1128003504,-0.1287014811,-1.7582023794,0.0055531618,0.7681096492,-1.0348730438,-0.1603561881,0.8808941927,0.0354352566,0.0272556083,-1.4570756021
1,-0.5103070186,-0.3628875586,-0.8357901496,0.202693898,0.4365245818,0.7140593447,0.5935649825,-1.7371883564,1.2635913732,2.0121781759,0.0427587048,-1.2044930193,-0.0718073994,-1.3585213565
1,0.3219212807,1.0178782511,-1.4875816009,-0.4982216541,0.3461425431,-0.9323030355,0.9216976682,-0.132372791,-1.1392148293,0.3970701892,2.0129171304,-1.1083931253,-1.1143013733,-0.7213101655
1,1.8273391696,-0.39797818,-0.0765605239,-1.0435026833,-0.7258130078,0.6887993883,-1.142570595,-0.3997351313,-1.1112568222,1.4438680123,-0.6769009368,-0.8117411047,0.144260776,1.1955408987
1,-0.6480815554,1.9775587384,-1.4587804038,-1.9653534218,1.3865793322,0.6756750038,-0.6375170747,-1.1820118397,-0.7071469775,0.1339318199,1.6512031888,0.8888973302,0.3397377867,0.2798870834
1,1.2087461807,0.5816440128,1.0838251808,1.8709331386,0.0758090907,0.6001373028,-0.0355492872,-0.2473222677,1.8196228492,-0.0282672426,0.0923784543,0.7842139628,-1.7874241782,0.6721105181
1,0.369145363,0.310224309,0.1661844543,-1.3844579054,-0.8827075712,0.8236482289,0.1028908583,-1.0664763884,2.2557294589,1.6287909003,-0.0400335276,0.7257526536,-0.3903841732,0.2846846483
1,1.316153715,0.3481936208,-0.0716291477,0.9595181049,-0.5399768032,-0.4564033502,-1.0582699303,1.2712489983,-1.2124042124,1.1624787367,-1.1273101327,-1.0221522269,0.8806198938,-0.9971723007
1,0.9324609463,1.2315372513,0.080916837,-0.9283715968,0.4754697259,-0.6630132985,0.9408811894,-0.6245871419,-0.4231017216,-0.011036763,-1.2117297172,2.2678010822,-0.438406443,0.712795146
1,1.0762078167,-0.5402983138,1.0887455911,-0.9769435289,0.7572724346,0.6827529259,-1.9871802315,-0.2898631787,-0.6109184363,0.3539407076,-2.0656599873,0.3579567491,-0.6357666847,-0.2480153322
1,1.0224954877,1.4296879177,0.1540355373,-0.8082040595,0.7267254815,-1.874414849,-0.5670835075,1.0440794601,0.4424028371,-0.2135255932,-1.3251105293,-0.0620187507,1.0932309296,-0.1700160753
1,1.6257865254,1.838805126,-0.2236303021,0.8279466322,0.0681964384,-0.3957947582,-1.7070683263,-0.0305624286,-0.2391630482,-0.3671763045,0.224769055,-0.7798146018,1.4480792674,-0.4476754988
1,1.9837007375,1.0862756705,-0.1689313421,-0.6067062722,-0.7958488522,1.2806515504,-0.2471302702,1.2676649679,-0.3302365883,1.1122189649,0.1516873791,0.0431669183,-1.0821020971,-1.2760288654
1,2.3750685756,-0.9821873366,-0.1149263668,0.878890272,0.0830532057,0.539448611,-0.4459387041,-0.940482404,0.9185661011,0.8620718627,1.3369830142,-0.3856064467,0.4155517265,0.8127690765
1,-0.154548066,0.3460491321,-0.5387068261,1.6277457146,0.4803574956,2.0728282019,-1.1291733427,0.8337554398,0.5629730606,0.8694905408,0.5963846145,-0.1914622279,-1.7958823502,-1.168955112
1,-0.101681665,-0.4099355301,-0.3184289122,0.228009312,-0.0762766113,-2.3637779715,-0.0527470863,-0.1054327676,1.4275552252,0.450665846,1.5252275809,0.7869347197,1.1373650735,-0.3894266884
1,2.2230345881,-1.5666938108,-0.8355137381,0.610365254,-1.0733449539,0.0548307996,-0.2751279216,-0.0701187388,-1.0155806788,0.714075029,-0.4339406499,0.9887083394,-0.8727985237,-0.7068556078
1,2.3223866896,-1.6461747358,-0.3978480901,0.2236048826,-0.0659302327,-0.6793907863,0.4082268403,-0.5716946649,-0.8969971423,0.6699939942,1.2673632078,0.3823774347,-0.4453396133,0.697588017
1,1.3564968641,0.1609842944,0.156774697,-0.9470398164,0.0132336523,-0.4357084736,-0.9868551837,-0.7920234069,-0.579398108,0.666640166,-2.3447517035,-0.5840960693,0.7430106178,-1.1276825313
1,0.5173126969,-0.9633850366,-1.1944613568,-1.1045186437,-0.3730078173,1.7461944346,-0.273078357,-0.105585993,-1.2093695736,0.029692518,-0.8382331052,-1.7153324217,0.2182097269,1.3162124922
1,0.7470286275,-2.1709091176,-0.1141681817,0.1114111667,-1.965291737,-0.538364919,0.7852700155,-0.5661288779,-1.1415315293,0.1001391085,0.3443602429,-1.0304429288,0.1886611063,-0.6331915283
1,1.5683349823,-0.2103763068,-0.0461444067,-0.5127175575,-0.5129385243,1.1835334673,-0.6145325597,0.4871031629,0.6479603471,-0.8353062665,2.2241065767,-0.7653887645,1.139149265,0.3756956244
1,2.6290137288,0.8449316765,-0.2701075249,-0.0525308714,0.0239205709,-1.0067996803,-0.6544320988,0.8738887581,-0.1467878192,-0.3574919671,0.4207714727,-1.2087140799,0.0014756643,-1.2695093247
1,0.5866270888,1.5454342902,0.1897606334,0.8710479358,-0.9733940602,0.4170222624,0.6972701202,-1.8585481914,-1.229981826,-1.5554892357,0.1096032018,0.1764191493,0.7587584968,-0.3498609635
1,0.0976161743,1.1946310934,-1.3487179253,1.528964818,0.3187818606,-1.3288573508,1.5902500785,-0.4834165845,-0.9353180894,0.0711090957,-1.1944794485,0.1079837774,-0.9408629425,0.6361617489
1,0.5945972648,1.8089856642,-0.8063237996,0.8498651388,-0.8678515875,-1.8313300194,-1.2252949308,0.0728675222,-0.1378582287,-0.8726704144,0.2379625355,0.741732988,0.9336082033,0.3077560008
1,0.9639123018,-1.088010752,-0.743748284,0.0472201558,2.0273399345,1.1405355413,0.7192700867,0.1259062029,-0.5065874255,-0.8715868572,-1.6598920011,-0.2505009565,1.015692639,0.3036605948
1,1.2288341515,0.1528353315,-1.7562707707,-0.9686259958,0.5306299435,-0.4959550005,-0.2085269447,1.5310549543,0.9058955724,0.2423311583,0.9839641071,-0.9703551924,-0.8242360705,1.3997679171
1,1.6138254831,2.3566469681,0.3264554782,0.9902851383,-0.0854966895,0.3757678347,-0.2024426613,-1.7197557099,-0.1948286258,0.0392032131,-0.4015887857,-0.6190341417,0.4277725555,-0.2182858339
1,-0.7963735725,-1.6121154509,0.4635695138,-0.3404819349,1.8312812785,0.1890115332,0.3614035899,0.3742787243,0.4723994155,-0.7090238972,-1.1004978991,-0.6015051075,-0.1470820389,2.1439985025
1,-0.5536179619,0.6121158091,0.0459562568,-1.3212909308,-1.5811301237,-0.7477367802,1.2810845884,0.9402821077,0.1919508496,-0.6365044717,-0.5089932624,0.8346293674,-0.2097103978,-1.9672184628
1,0.3412419622,0.4973774475,1.5706261379,-0.8896889099,-0.3695486126,0.5157831264,0.6410356718,1.6493189844,0.6576309562,-0.789032272,1.3926668674,-0.5807679405,-1.4675909991,1.1280334691
1,-0.8968397202,1.2202119995,-0.3311118994,0.2999044014,1.3137285861,-0.2604206259,1.8856873623,1.4408140722,0.3018152412,-0.5779105647,-1.3406864244,-0.5993848241,0.8290286061,-0.3510689972
1,0.4453282014,-0.1803088539,0.2090900099,-2.5210518229,-0.7722328959,1.8210158194,-1.4339299879,-1.5099888177,0.178621547,-0.3601350399,-0.4774764187,-0.2773018099,1.6169203223,0.5555719981
1,-0.6758930519,1.9322491611,-1.2976119907,-2.2102522828,0.7189510522,0.3122006226,0.9150777076,0.7989811204,-0.6814807626,-1.8797230654,-0.47306741,1.296592437,-0.2098298471,0.3784517198
1,-0.892107855,1.0083319828,-0.7476301968,0.9102328253,0.3224358593,1.3979150798,1.0488173237,1.0273556842,0.6607060345,0.0395700226,0.9208470495,-0.4873954602,0.8531861518,1.9378187951
1,1.8180640319,-1.3313075667,0.1961450938,-0.0208817341,1.0241547031,0.3451800716,-0.2958709908,-1.2119760542,1.4647629385,1.0096442973,0.8916555575,0.2578944943,0.960097888,0.1511446656
1,2.0545443103,1.957559401,0.1693557974,0.6562731935,0.2181701878,1.5006183459,-0.3721145467,-1.2622701061,-0.1798538711,0.1871376532,-0.1859130337,0.4423869504,0.1544258471,0.5846524197
1,-0.2257535954,0.029250907,-0.4098455633,0.8180432909,-0.2523508774,-0.8018555995,-1.4163459269,-0.2429502399,-0.7002716033,0.7984787847,-0.4548919814,1.068601394,1.8100894905,-1.8426490464
1,1.6572855479,1.1666678769,0.3139550741,-2.1932332741,0.512530258,1.1009526847,-0.1735153888,-2.102930027,1.3121025601,0.4125521003,1.2292323733,0.2145265704,-0.1693450753,-0.0364311089
1,1.3085468433,-0.7148831214,-0.5426653237,-0.9919967819,-1.1270425128,0.0037878347,-0.9695596778,-0.8366940558,-2.0360705581,1.0920428848,-0.152838036,0.295877176,-0.0937231763,1.0460242016
1,1.6724254364,-1.3118236199,-0.1749261754,-0.3705000483,-0.2658324725,-0.2049498938,0.0106913528,0.6357354108,1.4815484499,1.0598036089,-1.9142004278,0.938520309,-0.3667555217,-0.3140151248
1,1.6852620677,2.3546692947,-0.4683968077,-0.4060462256,-0.4316667703,0.8819979377,-0.6860779728,-2.0304088461,-1.1413961183,-0.713648381,0.4020900479,1.4134741752,-0.3473220014,0.4731853028
1,0.8913098408,-0.2480228505,-0.3700817563,0.1834409495,0.2775814954,-2.7029946265,0.4643833534,1.0370048743,0.5374423491,-0.1664527357,-0.0753026844,1.0928655069,0.2953146579,-1.2137518163
1,1.3154819307,-0.0635170006,-0.7581609019,1.1290238433,-1.3198964477,0.3745742188,-1.2288523643,1.5620813369,1.7025633417,0.846934014,-0.0391359689,0.7035674947,0.1299972456,-0.1797909515
1,1.8203760138,-1.5364920513,0.2810779668,-0.0282315173,-0.6861871144,-0.018636959,1.2706802656,0.7038195777,0.9435956846,-0.3747171817,0.2195599734,-0.6234765263,0.0851271208,1.7699944784
1,1.3035208884,0.4543248415,-0.2080751215,1.2913623494,-1.4735895755,1.1461368117,0.2757733007,-0.1271119443,1.7468977642,1.2533135316,-0.6654938097,0.8643479548,-0.8903094664,0.0495987133
1,2.1257208493,-0.4922862099,-1.4567903179,1.2780609977,0.9727174914,-0.5934894902,0.3836539948,-0.2595476704,0.0257051834,-0.0742893323,-0.6276842582,-1.7325230791,-0.6481729233,-0.7117642791
1,-0.6896933988,-1.9144088417,-0.2071626968,-1.1670773396,0.4596975844,2.0021875488,-1.2633368329,-1.0394471591,1.1642064249,-0.5931791265,0.1632232344,-0.9408304341,-0.5434635339,-0.1591880744
1,0.0040287657,1.3346430234,0.1601781894,-0.9612552448,0.795713729,0.2781547934,-0.2933331052,-0.8468147196,-0.6826451792,0.8542008996,1.7357242632,1.6168547135,1.0985226256,0.1391074772
1,0.2751496214,-0.6623309275,0.1833946528,-0.1980563607,0.3332078007,-2.6718564663,0.665247317,-0.8589895667,-0.3227812406,0.666025928,-0.6941945461,0.4676516717,0.9197623604,0.9941430128
1,0.1741308316,-0.0099482397,2.3346028104,0.8684613682,0.2674488295,0.3008145263,1.0257591984,-0.5766791418,-1.2063208008,-0.1787240003,-0.0018190648,-1.8992359348,-0.2486886083,0.731331502
1,0.9816642489,0.4008041377,-0.2993246132,-0.412109675,-0.8565011498,-2.4111967814,0.0282052604,-0.918675732,-0.9057065894,-0.0305074132,-0.1849269086,-0.3123803252,0.1114523026,1.6938170039
1,1.0589823605,0.8239589195,-0.0678793214,-0.5304967869,-1.167432623,-1.8653835375,1.4959911492,-1.0485655506,-0.0017852086,0.3202592814,0.8144546704,-0.1719512164,-1.3141590837,0.5739726053
1,2.3343324544,-0.8848942644,-0.229985283,-1.454737974,0.0203785954,0.6119649593,-0.7850454687,-0.23583328,0.4187013832,0.6645116846,-1.3393908266,0.3880599439,-0.3540323062,-1.1809137412
1,1.6300788782,0.4358126923,0.0765435427,-2.6508991157,-0.0592995345,-1.9312397001,-0.1102306864,-0.9856857501,1.5117002091,-0.2301336793,-0.3006919604,-1.0022937996,-0.1934776955,0.363589407
1,1.1722654997,0.034471464,-0.7785248319,-1.676472101,1.852856834,0.8318627605,1.1374039554,-0.9700208525,0.4703082769,0.9499520928,0.42314823,-0.5800031004,-1.0235095091,0.0625849744
1,1.0148886161,0.3666111755,-0.3170006387,-2.7597189463,0.1396597718,-1.4142236641,-0.478373255,-1.063863594,-0.3812635086,-0.2839614451,-0.3506384325,1.2560106521,0.1188878595,1.873180427
1,0.855143584,0.9590530731,0.2679563693,-1.0177909772,-1.2750410678,0.561266003,0.2624961717,-0.0879405978,-0.1643416226,1.7910286463,-0.978073903,-0.1681176077,-0.7341415065,1.8368141603
1,0.3989047877,0.7992041664,1.1385846991,1.0335953488,0.6175443952,0.8413741311,1.1613012596,-1.3619031016,0.2777572586,-0.5071307669,-0.9237273365,-0.1511671344,1.8050525068,-0.9000182575
1,2.6099339045,1.5157898829,0.0338983852,-0.3312437153,0.3131779091,0.7410411532,0.2722003043,1.1027800201,-0.2110164204,0.2912720892,0.8461436788,0.0824012,-0.8737862148,-0.7302460062
1,0.7215854088,-1.0541968203,0.3355170469,-0.2074598719,-0.8245898317,1.2001019536,-0.3372157641,1.6902100666,-1.3084055535,0.8444116964,0.082342264,-0.9184613107,1.3953861071,0.682368286
1,2.3512568862,-0.0994491136,0.6055978407,-0.0101509958,1.3636032707,0.6289537389,1.3175637375,-0.2981327541,0.4954467066,0.8933553318,-0.4991782536,0.7935194693,-0.4838676982,-0.9368553974
1,2.6398818546,-0.2034576648,-0.6465696664,-1.5125659338,-0.9482009645,0.3742686747,-0.0030441694,-0.5991968747,-1.0801569979,-2.447660981,0.3755250982,0.4427155198,-0.6230405403,-0.0670320204
1,0.304082385,0.8571391475,0.2840296065,0.7253736235,-0.6045775716,1.6306541383,-0.648767967,0.3577026183,-0.3865199374,2.4283613748,0.8985923386,-0.0369677342,0.8474084303,0.3664161456
1,1.0983006332,2.0153555958,0.4097855629,0.3784906845,-0.1292140891,2.0783120567,-0.053734059,0.4964952763,-0.4137311138,-0.9612795694,0.6372703479,0.1991356885,1.141787282,0.1095293873
1,1.9311024548,0.3034153767,-0.7466256308,-0.6915927678,-1.316257834,-0.0928624795,-1.0346720804,2.036648185,0.7750853229,0.4577203663,-0.5688784954,0.2274020397,-0.7566740382,-0.1074057336
1,0.9339196077,0.6932422172,0.5831810182,-1.1418108939,-0.0720235365,0.2964843708,-1.6135003088,0.8073721661,-2.2333145956,-2.6637818593,0.4853102324,0.4815260526,-0.4863833776,0.3728017887
1,1.2610503722,-0.1234071557,0.7621432452,-0.1979632888,0.7827126741,-0.1507304135,-1.4687602056,-0.6214013916,2.4082945311,-0.9304853309,-0.4987052758,1.0614896603,-0.9047267423,0.3122106226
1,2.3368708208,-0.8500941188,-0.7492727084,0.8562404161,-0.4991367136,-1.2353033051,0.5529651312,0.3053851887,0.1297580446,-0.2605408289,-0.2503537705,1.4418719303,-0.9409697531,0.7438754482
1,-0.7964899701,1.0066439663,1.3335191686,0.9540835733,-0.0426477419,-2.0095589869,0.3725093532,0.6891833057,-1.1182142951,0.6530993097,0.8602996238,0.0033903723,-0.9137380248,0.975756834
1,1.2531357724,-0.7298261524,0.5869738061,-0.0920943823,0.6530483572,0.0588827688,0.8852421911,0.6703123828,0.5073044169,-0.8539476663,-2.0223001662,0.7548546801,1.2342264699,1.1058787656
1,0.4363936153,1.5884262403,0.4648446705,1.4627286101,-0.415425157,1.2613972036,0.7420027625,1.3680639671,0.649115953,-0.565987645,0.0624607467,0.7495960536,1.1290640664,0.9764280037
1,0.0641358221,0.9505357881,-0.9880599622,1.1880153343,0.6698201362,0.820221369,0.730436836,-0.7314096982,0.8945832772,1.1879872452,0.0976636679,-0.2441441983,-0.134175283,2.4129418275
1,1.4113401712,-0.358596125,-0.2657098399,-0.9127643461,-1.8608203402,-1.2637519089,-0.292654631,-0.2181273366,0.8830117151,0.9922016683,-0.6137609842,-1.5484979666,-0.6825758431,0.4413813783
1,1.6257865254,1.838805126,-0.2236303021,0.8279466322,0.0681964384,-0.3957947582,-1.7070683263,-0.0305624286,-0.2391630482,-0.3671763045,0.224769055,-0.7798146018,1.4480792674,-0.4476754988
1,1.3692709282,-0.9600016891,-0.357337107,0.5280294326,-0.9044156309,-2.5547650052,0.886661204,-0.4887913933,0.1141466585,0.3683905718,0.5408180355,-0.2651143483,-0.4484800167,0.7995979601
1,1.7394159461,0.4995800068,1.2946167655,1.0866898374,1.0021572672,0.668260896,-0.0714785149,1.47863446,-0.220782992,0.3795990973,0.8456194622,0.0995639822,-1.7154529127,-0.691566641
1,1.5457605478,0.0942130968,-0.1058379066,-2.2386517271,0.2894224671,0.2571772136,-0.2244580564,-0.969395048,-1.517084897,-2.1500256248,-0.8594874834,1.1754815398,0.7452018368,0.1275130323
1,1.8454318019,-1.1935688181,-0.5248194238,1.2481572852,1.7167562737,0.5249719093,-0.616671053,0.2426125578,-0.005815145,-0.3869887907,-0.348592542,-0.7904702607,-2.0269502258,0.16790292
1,1.4385468409,0.3722590595,-0.0282983086,-0.4550985045,-1.2889905477,1.7684404759,-0.3559393334,-1.3353716135,0.683414066,1.634887448,0.9161633495,-0.3316775966,-0.6584432228,0.0413608624
1,2.4421509896,0.5967535743,0.1113433036,1.5964123011,0.1702557067,1.3570501221,0.4863413969,-0.8323857674,0.8399993767,0.5860356382,0.5398319103,0.4896529274,-0.4055064722,-0.3095666242
1,0.7183179324,-1.0298103894,-0.2139178375,0.4558404833,-1.182101937,-1.187453822,-0.3129134491,-0.962999844,-2.0143168014,1.4930693513,-0.4324539688,-0.6290128603,0.4433874283,0.2050363676
1,1.239703444,-0.488183141,0.5245060557,1.4169085827,0.3116704239,-1.7645914911,-0.8251000007,0.8127842736,-1.0813681267,-0.6209900866,0.9443101569,-0.0839330171,-1.0781749859,-1.3803466566
1,1.397976558,0.1688131522,-0.070966679,-0.6590622641,-0.9715852447,1.4611042879,-0.9882142948,1.6957212294,-1.3444974334,-0.481415051,-0.8605651132,-0.4094271802,0.9124791828,-0.1382428992
1,-0.6668676671,0.7247475796,1.2432825248,-1.2331999661,0.3533243683,-2.2146134593,0.4070843236,0.1852143631,0.3743787676,0.1016479161,1.2685974728,0.4210951786,-1.4566519752,-0.5039874601
1,-0.6834151536,1.157670393,0.593818236,0.2542013649,0.5136218149,-2.0319876706,-1.9058803799,-0.1539515035,0.3618435258,-1.1857318783,-0.143948957,1.2658656553,0.3727237706,-0.2771394646
1,1.0784128525,1.019444374,0.4911967244,-0.6949675345,0.5153654741,1.8068664388,0.4678152547,0.3237061492,1.1155904602,-0.9637700564,0.9816280161,0.7533715507,0.8626372278,-1.4082644871
1,1.5652180666,0.7923934581,0.1947598422,0.7642429336,-0.5577550162,0.4790434938,-0.5720450856,-1.1929949252,-0.2259647344,-1.7044937244,-0.6241561531,-1.1608933191,1.5986576198,0.0633306688
1,0.672986933,-0.9090093139,0.3171785526,-0.9364887742,0.6031795315,0.2795674328,-0.9138499149,1.1205499735,-0.6518692517,2.2348514522,-0.3501142795,0.03720462,1.3709623749,0.0028023076
1,1.0423116652,-0.917815973,0.4198898625,1.5401714809,-1.0188081315,0.5167573777,-1.6511841502,0.1461570219,1.779606037,0.2918500168,-0.8117742996,0.5152854933,-1.3938248898,0.3900025939
1,0.2842229284,1.1645209282,-1.3871868162,-2.8085371095,1.519645922,-0.5466553161,-0.916915175,0.8296769654,0.432239162,-0.0089943921,-0.1871082937,-0.3741202282,0.2802424104,1.6323625501
1,2.0313285069,0.4453110003,0.3779429187,0.0574516429,-0.3055089495,-0.05478435,0.1091095416,-0.3872482616,-1.1167142419,-1.5447464654,-1.2178388603,-1.5005277183,0.9757502323,0.0976663064
1,0.9472150038,-1.4828006691,-1.765066882,0.7131548585,-0.1865004993,1.4101880732,-0.8224789048,-0.7796147608,0.8115726462,1.5117105652,0.4940654593,-1.0162670559,-0.2877850985,0.3697162431
1,-0.3869233853,0.0075072952,-0.948225659,0.9488585926,0.1636220948,-0.1069774556,-1.1237367331,-0.0299930671,-0.3254598819,-2.7438737466,1.4406008765,-0.7844209908,-0.6450825437,-1.2559611205
1,0.6914619305,-0.894321913,0.411752587,-0.4450089498,0.2181237057,1.2004446029,-0.3511722381,1.7554073947,-0.7615720847,0.2151182902,-1.3698327507,0.3706048168,1.7207892405,-0.8379168904
1,0.7939419477,-0.3454259861,0.6494994526,-0.249562262,0.7344373057,-1.9868449127,0.4922363998,-0.4220306422,0.6020324952,1.0178510555,-1.2182574469,-0.6399666089,1.1577463126,1.1436597099
1,0.1677087807,-0.7749401985,0.4466697252,-0.525024819,-0.3745894556,-1.4472345155,-0.0270941747,-0.2571456944,0.4828123273,1.8387979311,-1.9127137466,-0.6792008907,0.9494304303,0.5978768507
1,1.2493236831,2.5668575346,0.2138330237,-2.0404164919,0.1671865553,-1.2622104597,0.4137280381,0.583009826,1.3095957065,-0.4117198052,-0.2617887694,-0.0581206977,-0.596144353,-1.2518108936
1,1.366127735,-0.3092562275,0.5605302629,-1.5701819769,-0.4806988094,1.9612212629,1.037960684,-0.1662611789,0.229158563,-0.0775260204,-1.1425652857,0.3055891421,-0.3869775833,-1.4266471088
1,0.5795083069,1.6984506544,-0.0563192369,0.4299965858,-0.5304435941,1.393300503,0.1192768582,0.0595363518,-1.3385448496,-1.3131046969,1.1613332487,1.3067539692,0.9038033297,-0.0399873099
1,1.2658209538,-1.8540041762,0.351936618,0.0599052653,-1.5640622319,0.1466466346,0.6122590983,-0.1291699535,-0.2167177934,0.451964236,-0.1797026579,-2.1380612094,0.4266450586,-0.4836748312
1,1.4926483999,-0.8675051629,-0.0067507196,-0.9645006747,-0.0621588913,-1.0112415215,0.8036697726,-0.9969963131,-0.5122064038,-1.8990620799,-0.3494182913,0.1613264246,0.4586162258,-1.5696442652
1,0.7868747714,-1.3611270286,-0.3865484036,0.0010367725,0.0881066771,-1.0903551896,0.1859024048,-1.1085461033,1.5660677581,0.5041501875,0.904849038,1.7794420842,0.4456268239,0.9065761652
1,0.2355871878,-1.7030255844,0.233745132,-0.5741268001,-0.4322563351,1.4624841795,-0.4968210775,0.711674276,1.1116655279,0.6821739504,1.0203826394,-0.0245910493,1.7391434404,-0.8697612261
1,0.7206391906,1.1776345388,-1.3131325267,-0.3370452768,1.1674042864,0.8097780854,0.6009876191,-0.8986876624,2.3878129713,-0.1403299892,-0.5008860411,0.8191257944,-0.8962322614,0.0745367679
1,1.4402256454,-0.0909928163,0.0197875033,0.369484126,-0.363902537,-2.0183257222,0.3053289102,1.4087664706,0.9154226161,0.814665798,0.8528094295,-1.3038189012,0.2078954768,0.4560500573
1,0.0310741202,-1.3188226929,0.2924650317,0.6144533656,0.1951659707,0.2394287216,-2.0451893743,0.3579145114,0.2513328049,0.3357164047,0.6138848597,1.9213891336,-0.3923840276,-1.8191513108
1,-0.8049151739,-0.7175589433,-0.1735781059,1.0824428395,0.0019445368,1.8060041349,0.4885338422,-0.0585938409,-2.2225166054,-0.509841826,-1.1118455249,0.2847080152,-1.682499122,0.0830394596
1,2.3895527069,-0.1861067196,-0.4663509851,1.5115258055,-0.3501532752,-0.0164639078,-0.3012004133,-0.0634025504,1.9453212879,-0.0684629603,-0.1807339641,0.6738880488,-0.0800784133,0.8590565077
1,1.3773360887,0.6248006415,0.6081714654,1.0358206621,-0.4620557005,-1.0813123853,-1.4491560336,-0.8073933452,1.847122939,-1.2259922056,-0.269053571,-0.643432373,-1.1759261954,0.1708967799
1,-1.1942037602,-1.2448990934,-1.0250632622,-1.7882464252,0.4018470796,-0.8420138081,-1.2354320509,1.0321619519,0.3615634231,0.3983914425,0.4316592158,0.6221614739,-1.8314203378,0.1195728953
1,1.1722654997,0.034471464,-0.7785248319,-1.676472101,1.852856834,0.8318627605,1.1374039554,-0.9700208525,0.4703082769,0.9499520928,0.42314823,-0.5800031004,-1.0235095091,0.0625849744
1,-0.456120893,0.8211244324,-0.4882115802,-0.0341075433,1.6173954633,0.8644298854,1.7160154769,1.8982996759,0.3167899959,-0.4299761246,-1.1250106724,0.4620362681,0.5556818978,0.4518692564
1,1.1354874503,1.8502578426,0.127591994,-2.2862916541,-0.407021685,0.0279236451,-0.4143650147,0.2075058985,0.1642569831,0.5628960527,-0.4453756488,-0.5112842887,-0.5279731236,-2.7025419496
1,0.4988499011,-0.1535381626,0.4431109216,-2.0124758521,0.2647699957,0.3934158527,1.4860049866,0.35580291,-0.7006094146,-0.3789820842,1.9188557676,0.8757902458,0.220888916,-0.6647847811
1,1.8810630357,-0.5615415615,0.1578315352,0.7703838079,-0.4653955975,0.8644767061,2.0672088056,-0.1654315854,-1.085903331,-0.8489095515,0.4573411906,0.9454718193,-0.6974279184,-0.4068061161
1,1.1816364423,1.6734622309,0.3861432977,-2.5451715404,-0.0158144332,0.5889060329,0.9707580169,1.3386618726,1.2142309968,-1.5066526863,-0.0589839307,0.6911354049,-0.3005211678,-0.4309310724
1,1.041197619,1.8350305523,0.0628740973,1.7937974459,-0.5289461027,-0.6668963674,0.5564543841,0.7111164436,1.7276053992,0.3788823145,0.6493410329,-0.0889251279,0.0097446656,-0.700621281
1,0.4145867575,0.0364777722,-0.7445592891,-1.2058469279,-1.0800527189,-2.0969930838,-0.5419215643,0.8707100066,0.3814936698,0.1055332333,-0.7058188033,0.9171001693,-0.1767651207,-1.7214850952
1,1.8325481631,-0.5352269497,-0.1552795244,0.6117537994,0.5909482222,-0.2107324472,-0.1511326999,-0.3348962005,2.4915181254,0.0791094743,-0.6260614208,1.3173889899,0.4644677482,0.1974320968
1,1.4116335133,0.9786447339,0.2151815602,1.4488250693,0.0141273252,-0.9094627082,1.1386972264,-1.0197881552,-1.9736633578,0.3960862511,-0.535148773,0.2854807956,-0.169354888,-0.3715164737
1,2.3894691036,-0.0672338249,-0.1715784198,0.9411269117,0.0212722683,0.1382107247,1.3405069414,-0.4635980283,-0.9755638666,0.3939577697,0.4702121039,1.2576368089,-1.266397812,-0.4247476837
1,1.4805687945,-0.2782021427,0.2481913481,-1.5370737953,0.1893079185,-1.9976308456,0.3767436568,-0.6545059346,1.5484287204,0.3188272273,-0.3646321412,-0.8657627437,0.0702862007,0.3255398267
1,-0.1980796008,-0.1622321055,-0.2458682939,0.0676835801,0.5239122001,-1.1617503819,-0.5939005721,0.253348313,0.4594052433,0.7486632077,0.951218208,1.9376208908,1.6877145807,1.2696810287
1,1.3725384046,-0.98438812,0.1920977774,-0.1352709225,-0.5469035255,-0.1672092296,0.862358889,2.1644185172,0.8200579063,-0.2802670831,1.0556142683,-0.5545627986,0.503518662,1.2769298784
1,0.630742911,-2.9191169149,0.0398035981,-1.1223727842,-0.7205233623,0.3922170528,0.7656658435,-0.3801369244,-0.5803599372,0.3956459832,0.1147085381,0.6744791045,0.4598605594,-0.4918776856
1,2.9906890997,-0.6152549593,-0.1033910957,-0.9417263392,0.0866918193,0.0720119127,-0.2517584202,-0.465915556,-0.0089119178,0.4728582151,0.8072404878,-0.8617719018,-0.4711195573,0.8851542944
1,2.312150992,-0.4903886067,-0.4030237115,1.0595140237,0.3322037415,-0.4076025192,-0.1272789475,-0.3337082097,-1.8794852474,0.043191075,-0.5291694751,1.1172077,0.1592135743,0.695096715
1,1.0418352402,-1.3504015775,-0.9108829367,-0.2839339367,1.8122069488,-0.9823692185,0.6977458956,-0.8677322989,0.5712653894,0.8501489431,-0.0661641569,-1.7345873244,0.1155162662,-0.5147279244
1,0.2435680805,0.9825382161,-0.9384380379,1.7623688802,0.3586776088,1.1410223865,1.1171841438,0.4648767067,0.6033740924,-0.8816241976,0.9988782848,-1.4064457541,0.3601807283,-1.4848978843
1,0.3501468104,-1.7434326776,0.2165499298,0.1938930082,-0.1674095449,-0.7384160119,0.7735136762,-1.8082541395,0.4146349836,-0.7329825916,1.1871717931,-0.0080733068,1.5644305376,-0.7833687176
1,0.8498593125,-0.7556695298,0.9866606397,-0.1363257371,0.5230772983,1.6944363752,1.527135162,-1.1424039531,1.2752201183,0.2676065924,1.0884810984,0.1754236925,0.9271526109,-0.094588702
1,-0.0902649637,-3.2213119559,1.128874173,-0.818264552,-0.2801514573,0.385827941,-0.0649873189,-0.3354622999,-0.6268550201,-0.0649879153,0.1781245024,0.5551108307,-0.6455700348,-0.4151487401
1,-0.17880057,-0.2165835529,-0.2658920912,0.6229937698,1.5161312357,-0.4915581793,-0.9236873642,1.8082048711,-0.0869957358,0.480721088,0.1937547657,-0.8639273313,-0.8422065527,2.2946167458
1,1.8746996412,-0.1156874705,0.3035108537,0.7302256133,0.3860489696,0.8551027452,0.0180906229,1.8620160971,-1.1885487542,-0.75340102,-0.2300489943,-0.2336618425,1.3845589614,0.3694903797
1,1.9304258397,1.2955496753,0.68128636,1.397319168,0.4153568302,-0.2244511546,0.9656863092,-0.5828292308,-1.048849622,0.7479113787,-1.0592116738,-0.822137485,0.0686290643,-0.2219997766
1,2.3026494697,-1.6637026236,0.4739022046,-0.2361932004,0.891344944,0.732229398,0.9479613132,0.2286280306,0.464310598,-0.8503416056,-0.721745621,0.251660292,0.6870173661,-0.6552388947
1,0.0005349046,1.1190448241,0.2149636034,-2.6162830629,-0.7526248848,-0.6259497483,-0.0404901338,-2.125447467,-1.6207803424,1.0435495889,-0.5402046098,-0.0288798432,-0.1415093735,-0.6441638177
1,2.3813803645,-0.2593240209,0.5293623006,0.2273980821,0.3208897333,0.6286110895,1.3315202115,-0.3633300822,-0.0513867622,1.522648738,0.9529967611,-0.4955466582,-0.8092708317,0.583429779
1,1.9607113187,-0.1859880999,-0.5645645193,1.1128003504,-0.1287014811,-1.7582023794,0.0055531618,0.7681096492,-1.0348730438,-0.1603561881,0.8808941927,0.0354352566,0.0272556083,-1.4570756021
1,-0.1558957178,-1.3680959958,-0.1962898944,-1.3691135818,0.8949446395,-0.3827567876,-1.1392121845,-0.9893525422,0.3688216271,0.6615010135,-0.6332643115,-2.0297209358,-1.4619941066,-0.9457322579
1,-1.5187187166,-0.7902207972,-1.5550635831,-2.0894115485,-0.228670757,-0.0321816366,-0.0495586246,1.1869492472,-0.6854056949,-0.2337790586,-0.4343127866,0.5186298369,0.6666763656,0.9169549809
1,1.6173147814,-0.9865939465,-1.127380363,1.1073178939,0.4860496257,0.1327764911,1.1103558591,0.0386187725,-0.084634281,-1.3171566535,-0.6405551714,-2.0446880687,-0.0792030297,-0.6938227115
1,2.5916610733,1.3107684093,-0.0603045018,0.4825869807,-0.0783517464,1.4234412675,-0.0006329464,-1.163565583,0.8032708654,0.0370747316,0.6037720912,0.3531218715,-0.6692703685,-0.2715170439
1,1.3693174684,0.1411944738,-0.9606843207,0.3770174371,-1.2776765395,0.7322268672,-1.8147384924,-1.305749741,-1.1446844191,0.155429785,-0.5660028868,1.2810767616,0.3100411832,0.1530277984
1,2.5509402296,0.128939168,-0.8933120055,-0.3350369148,-0.0736420569,-0.5669607227,-0.6510930669,0.8944154374,-1.0566268004,-0.5613826546,1.1605101255,0.9603252929,-0.5098549963,-0.6160877682
1,0.7725320849,0.3781963295,1.0101420386,0.7047518264,-0.3485347549,0.8469811857,-1.2636076551,-0.1504458217,0.7686334927,-2.1708621651,-0.8559338572,0.1950888085,-0.0566067945,1.8479460646
1,2.841179016,-1.3292697944,0.0682567096,0.1720989813,0.3352992723,0.0056207673,0.2352159231,-0.1347357405,0.0278165936,1.0218191217,0.743300307,-0.7252408459,-0.207355661,0.8471047141
1,1.3063297659,0.9245091754,1.021014841,0.5027155842,0.0867123003,-1.5379631507,-1.1394830068,-0.1003512048,-0.0267513051,-0.916182025,-1.6524214032,-0.8938016933,-0.9751373673,1.0614018811
1,1.7798662771,-1.1992143489,-0.4382012477,-0.04353159,0.4419647838,-1.4295718446,0.7030328445,0.0338915386,0.675954882,-0.1129683943,-0.6956812273,2.0853728714,-0.3964235916,0.0822510373
1,1.2451989978,-0.520815252,-0.448753758,1.1180634115,-1.080489897,-0.9928426332,-0.4769376365,-0.6263088657,-2.01368017,0.7162035105,-1.4393015268,0.0165523261,0.2242444003,-0.6536243979
1,1.3972329854,0.0636912222,0.2718336132,1.3865884296,0.0759082626,-0.5082248218,-0.6477484191,-1.4966725309,-0.0795333901,0.8642003442,0.3316221374,-1.35776246,1.5125946505,0.8660002864
1,2.6107408976,0.639910203,-0.3643104119,0.7612998246,-0.3676090846,-0.324399566,-0.9272653494,-1.3924568449,0.8674994665,-0.6116893248,0.1783998851,-0.9379934084,0.2059915106,-0.8107803623
1,0.8288604112,-0.6408485698,-0.0001485713,-2.0101559,-0.4968724886,0.3553325391,0.6482939244,-1.2380775246,-0.5859523399,1.590382014,0.4012160863,1.0798072259,-0.9747884012,-0.735444608
1,0.9940357801,-1.2478856593,-0.8199838241,0.2847692337,0.984626397,1.140192892,0.7332265607,0.0607088747,-1.0534208943,-0.242293451,-0.2077169863,-1.539567084,0.6902895056,1.8239457711
1,1.1299370776,1.6929677922,0.3092452889,-0.6890420936,-0.6269195291,-1.3289442545,0.9146588554,0.8489923133,0.7994907489,0.7665345076,1.1264460645,-1.2106557693,-0.6577835902,0.2304247025
1,1.2978808838,0.1431721472,-0.1658320347,1.7733488009,-0.9315064587,0.2259967641,-1.3311031809,-0.9950966048,-0.1981169266,0.9082813791,-1.3696817203,-0.7514315554,1.0851357401,-0.5384433384
1,-0.0780204619,1.2740388618,0.7637360191,-1.6610030491,0.0364956621,-0.1559016108,-0.1348480843,0.1032902125,-0.7827758735,2.0387857217,-0.2921533965,-0.9310533403,0.7786300163,-1.0257613009
1,-0.2255543888,0.645757666,-0.1258634505,1.0946406367,1.0291254964,1.6161774365,-0.8195003159,1.5407975801,-1.3109011835,1.1793007214,-0.7869832176,-0.4418315481,-1.595093522,-0.2784500108
1,1.224158394,-0.7649667453,1.5447497333,-0.6346749979,0.3369177927,0.8690658607,-0.7271913188,-0.2217790118,-1.1488712016,-1.080580083,0.0681004139,-1.2040400862,-0.1838840422,1.835994271
1,1.127755956,-0.5562986339,-2.0571598409,-1.047629767,1.032830387,-1.0320516342,0.358848875,-0.3013055815,0.6514530837,-0.833237474,-0.7802023016,1.3574154881,-1.1552084305,0.2230306435
1,2.8309433183,-0.1734836653,0.0630810882,1.0080081224,0.7334332465,0.2774090345,-0.3002898647,0.1032507147,-0.9546715115,0.3950162026,-1.0532323759,0.0095894194,0.3971975266,0.8446134122
1,2.2939893053,-0.697684938,-0.4583891277,0.4518199473,-0.5328318601,0.5912700827,-0.8564602154,1.8274391252,-0.2143047212,1.1603502552,-0.1219492559,-0.0499962136,-0.2164230302,-1.0504035106
1,0.872985404,0.7156730826,0.3256833426,0.305621261,0.9753329346,-1.9408059945,-0.0801091642,1.3752592756,0.4791313484,0.3354353134,-1.3890507101,0.0745123052,1.3569948259,-0.2080656556
1,0.1829053018,-2.3670129835,-0.0491765914,-1.2294121895,-0.5812397735,0.2436447822,0.3573444669,1.0804620151,-0.7038977154,0.4900960818,0.950762833,0.7433928322,0.8782521006,-0.9849422856
1,1.11970138,2.8487539213,0.3040696675,0.1468670475,-0.2287855549,-1.0571559873,0.3791530676,1.0869787685,-0.1829973561,0.1397315884,-0.6700866184,-0.4758255041,-0.0532304026,0.2279334005
1,0.3626983653,0.8749512947,0.6066363382,-1.9950149938,0.3401625394,0.9689489005,-0.3045199697,0.5607758162,-0.7678011188,2.1867201618,-0.0764776445,0.1303677519,0.505283308,-0.2228230473
1,1.4713038033,1.3733611501,-0.2855200399,-0.636293667,-1.3306673731,0.5301278428,0.0616322081,1.8080538432,0.6958819671,0.9585499826,-0.3591820413,0.4570962275,-1.3585892089,-0.3710806687
1,1.0192571769,0.9542565271,0.7336016729,-0.1766928385,-0.370109718,2.0322731385,0.5186115049,-1.3007946416,-0.2908299669,-0.2788638273,0.808063611,-0.5153432256,0.9425387687,1.4612547528
1,0.1455821372,-0.1905123795,1.0652378155,0.6908227893,1.5492938555,-1.8816829522,-1.0465138877,0.4425861003,-1.5182960258,-0.3233547304,-0.2907024247,0.6488330029,0.2900673912,-1.185801604
1,0.5373052232,2.4476285818,0.2748583709,-0.3801256126,0.7637367531,0.4072538283,-0.3216057316,0.4672240585,1.2689237435,0.2754912041,-0.3060556159,1.5687309284,0.8408764381,0.3349116056
1,2.8913369981,-0.5357740343,-0.5410567436,-0.5549659678,-0.920722902,0.8062334987,-0.9351131821,0.0356603702,-0.1274954543,0.51693925,-0.8940633699,-0.2554409972,-0.8985784677,-0.5192893303
1,1.6954461598,2.3676005722,0.3267467996,-1.9336057512,0.2594803502,0.6899981882,-0.4222314519,0.336204703,-1.2315062996,0.669239945,1.1272462927,-0.6104299633,-0.0947108674,1.0226338032
1,0.6957082547,0.0182331071,-1.0806118189,-0.936095492,0.8753025329,1.0580117668,-0.1620691591,1.1901279987,-1.2136871839,-0.696804259,0.6922774893,-1.6071844122,0.8449171505,1.3689307515
1,-0.6322844729,0.7693847046,0.5558912017,1.0555138554,-0.3185036308,-0.5941611301,1.6430746551,-1.2584731507,0.3790620782,-1.0126248768,-0.910533856,1.3703804555,1.2905814427,-0.144586758
1,1.2992201,-0.4794951015,0.52000828,-0.6610262173,1.7122062927,-0.2600429644,-0.3945193405,0.9556650257,-0.5326490838,1.4139045766,0.3443420202,0.0764389018,1.5792782573,0.5485851668
1,1.5331579613,2.0616787923,1.0808123274,-0.7294968482,-0.4728266259,-0.9257587613,-0.1586714612,-0.5614208389,0.8404415643,-1.114376237,-0.5890996433,-0.8899036403,-2.6645126499,-0.0203929373
1,2.5453745794,1.2507714312,0.006289877,-0.2537917048,-0.3609242007,0.1390897162,0.9892841591,0.1825699559,0.9386399133,0.0431530083,-0.5007800364,0.4274167815,-1.5686648678,0.6677667905
1,-0.91290459,0.9328188702,-1.7340682604,0.3417131828,-1.4740994089,1.6620885282,0.4598205124,-0.6998060691,-0.2958819709,-0.9115850754,-1.0285080214,1.0211089415,-0.4944121483,0.9149726535
1,0.6452270422,-2.1230362978,-0.3116210202,-0.4897372507,-1.1537298432,-0.163695466,0.9104041343,0.4969429293,0.4463952497,-0.5348888398,-1.4030084402,1.7339736,-0.0357695804,-0.4455902544
1,1.8619306425,-1.2646150565,0.6310018855,0.0978187443,0.5876780667,-0.3926211133,1.1176331987,-0.2288575731,0.4493358434,-0.9982760458,-0.9374213729,-0.8097608002,0.9603640744,-1.4581771483
1,1.925278488,-1.458682926,0.5370903199,-2.0122414491,0.5411254509,0.6040093546,0.6250111574,-0.4392427632,0.4269454553,-0.6224366715,0.3490421179,-0.5304359503,0.6423964978,0.2414714511
1,-0.2242114636,-0.6330798109,0.6948507229,-0.5188276993,-0.4466658741,2.0854745018,0.599483211,0.4830799342,1.0324621721,1.1830035666,1.2300790936,0.2051031384,1.1372282697,-1.1334361612
1,1.8325481631,-0.5352269497,-0.1552795244,0.6117537994,0.5909482222,-0.2107324472,-0.1511326999,-0.3348962005,2.4915181254,0.0791094743,-0.6260614208,1.3173889899,0.4644677482,0.1974320968
1,1.1659878739,2.9087508995,0.2374752888,0.883245733,0.0537868994,0.227195564,-0.6107640378,-0.2591567704,-0.318366404,0.1336533117,0.4344655091,-0.5501204141,0.8461640967,-0.7113504339
1,-0.4205976028,-0.1598437585,-1.5364395485,-2.0074681619,0.4818841565,0.5378893335,0.3827629217,0.2185041104,-0.6972634051,1.5135239395,1.088809126,0.5572946262,-1.0514178026,-1.125779182
1,1.142016683,1.1036647721,0.0543032212,-0.116468973,-0.8783863389,-0.3425549303,1.3415849712,0.5065019348,-1.2611443753,-1.4513547997,1.1416599143,-0.1835666011,-0.2694535651,-1.6647593894
1,0.2848572726,1.8299591883,1.3068992128,0.2051001176,-0.3626218902,0.2265890058,-1.2795931475,0.7561494654,-1.3748311625,0.6537135478,-0.7902575336,-1.0483573688,-1.0904897673,-1.14606871
1,1.2992717056,-1.6482125082,-0.2699597059,0.0306241672,0.6229251981,-0.339831482,-0.1228600735,-1.6489349786,0.5399492027,0.6578191698,1.4157184583,1.365512775,0.7221139357,0.0016279684
1,1.4373088368,0.7997372755,0.3334345748,0.5896008897,1.2506407929,1.014209312,0.2280877337,0.3567195219,1.2626584359,0.8280581714,0.9305587485,1.2020675962,0.5574312305,-1.464255635
1,1.3692709282,-0.9600016891,-0.357337107,0.5280294326,-0.9044156309,-2.5547650052,0.886661204,-0.4887913933,0.1141466585,0.3683905718,0.5408180355,-0.2651143483,-0.4484800167,0.7995979601
1,-0.3764210044,0.0279604872,-2.0005756206,0.9999593837,0.864808485,-1.8380377177,-0.0739809,0.2272409062,1.4404185696,-0.4975081679,0.3699187677,0.8410735787,0.4232011028,-1.145357428
1,0.8354216416,-0.3375971283,0.4217580766,0.0384152903,-0.2503815914,-0.0900321512,0.4908772887,2.0657139941,-0.1630668302,-0.1302041615,0.2659291434,-0.4652977197,1.3272148777,2.133099342
1,1.9428451708,1.2994334216,0.6256729761,-0.2087429955,0.4243441788,0.9376300574,-2.7860463409,-1.3201809554,-0.1838741096,-1.3232867682,-0.2682533428,-0.043206567,-0.6128534726,0.9631058806
1,0.7709171354,-0.4126934187,1.1857560871,-1.1825370886,0.6875744639,-0.1068645465,-0.4692250908,1.9431106543,1.2836677809,-1.9191552944,-0.2692046014,0.4786039992,-0.5402726949,-0.1285767721
1,0.2325181688,-1.212802998,-0.4501924637,0.5735773932,2.5531502002,-0.2771311054,-0.6650740227,-0.56454454,-1.3675567799,-0.4411785621,-1.0595422228,1.0499140399,-0.896691801,0.2129312755
1,0.6547553769,1.1644670935,0.6209792183,-3.2073944687,-0.1174264732,0.3942948441,1.1347822043,1.0019708942,1.2135943653,-0.7297868455,0.9478636273,0.0455702185,-0.0813781397,0.4277296931
1,0.5760660161,0.7168567861,1.3214473373,0.9849134933,0.1896524401,1.2850483716,-0.9622906897,1.5448148847,-1.3231278965,1.3506088945,-0.6385219624,0.1495947793,-1.1000725794,-0.3811800367
1,1.0559380481,0.0767091728,-0.1627331044,-0.5423049522,-1.0477570452,0.4330097597,-0.3057700815,1.0274920382,1.6740789025,-0.9889752487,1.7132371563,-0.3514594553,0.8626621533,1.2806438211
1,-0.4332007632,-1.6095103241,-1.136557971,-0.5102105444,1.0635931669,-1.0896870613,1.1891373006,0.454074159,-0.5874255891,-0.6500934071,1.2810821255,-0.8702203057,0.8648937487,-1.139367654
1,1.3440298758,-0.0336234645,0.092719269,1.5144689146,-0.5402992068,0.786979152,0.0540198506,0.1360593694,0.851857087,-1.1612673599,-0.9832900022,0.4509881381,1.3125876959,1.7331675388
1,0.7989035204,-0.6310420385,0.5669623387,-0.3258469839,-1.1355213049,1.7459151975,1.1305701248,1.560320248,-0.4044841728,1.195178391,1.081723843,-0.7780322018,-0.0302252793,-0.4374761127
1,1.1034138217,1.1724454459,-1.1063071851,1.8798256574,1.3062506971,1.7653562654,0.2576501703,-0.9351075951,-0.1308986468,0.5647903867,-0.3983144698,-0.0125083211,-0.0768311992,0.6493328653
1,1.8460405517,-0.1433061489,-0.586206788,1.7663053145,0.0799576748,0.1262253246,-0.8084335747,-1.1394548733,-0.9887357398,-0.116556184,0.0645132321,1.4568420992,0.7821209618,0.6607610773
1,1.8579397762,-0.4832218404,0.1850032329,0.2389744534,0.5395274115,-1.8694108022,0.6996938127,0.0133648593,1.5857938632,0.0909222932,-1.43541988,-0.0836665014,0.114907069,-0.5711705191
1,-1.1591655383,0.2603895672,0.7907271222,0.3932909271,-0.4201156708,-0.7887723189,1.8070988426,-1.5951641291,0.3784254467,-0.235759036,0.096313702,0.7248152691,1.5097244707,0.7140740075
1,2.312150992,-0.4903886067,-0.4030237115,1.0595140237,0.3322037415,-0.4076025192,-0.1272789475,-0.3337082097,-1.8794852474,0.043191075,-0.5291694751,1.1172077,0.1592135743,0.695096715
1,-0.9019971081,0.1887433625,-1.0423608848,-0.6637016967,-1.0923137386,0.559322692,1.1659087342,-1.2286248629,-2.2283614199,0.0307625665,-0.3201495023,-1.4394410454,-0.3483426877,0.1000826063
1,1.6764163027,-2.093216836,0.2710724773,-0.5116557573,-0.2176818173,1.2718397952,0.4286307388,0.3935129784,0.3450904301,-0.02939473,-1.4162019207,0.2124260102,0.4787014837,-1.2010217539
1,1.9591365348,0.1544509471,0.7810360158,1.0528898513,-0.3678329697,0.4246377484,2.0638697738,-0.1859582647,-0.1760643498,-0.6450188641,-0.2823974621,-1.2235675535,-0.1860972578,-1.0602276726
1,0.5740465801,-1.4089989633,0.9773325148,-1.8424400647,-0.1756800605,-0.3395590488,-1.1429119655,0.0125392414,1.3976882242,0.8270746445,-0.7799967247,0.037055793,-1.5168069841,0.6594241665
1,1.5467430691,0.7777060572,0.1001858079,0.2727631092,-0.1726991904,-0.4418336764,-1.1347227624,-1.8278523464,-0.1162619014,0.3152394376,0.3955623182,-1.4942935159,1.2488307542,0.9040498667
1,2.0645528741,0.4111180382,0.3602668931,-2.2901576284,0.6906519721,0.9421887673,-0.3974689737,-0.5324361236,-0.5922711611,-1.7982004973,-1.3835503842,0.0678632591,0.9831857891,0.2770297295
1,1.0571273278,1.1124484677,-1.0397128064,1.1434469719,1.0236782428,0.4810047141,1.2475672758,0.4110279437,0.0044704011,0.5708686634,-1.5028665973,0.0617865889,-0.9762256985,1.5886166997
1,0.7627906687,1.597174018,-0.8543421485,-0.2185734629,0.9625050338,1.8756132779,0.7702109419,1.2982246353,-1.2922539083,-0.9728404835,-0.1048736146,-0.7319250381,0.0238589518,0.2465950508
1,0.4735804324,1.4233284871,0.1826511016,-1.2020537284,-0.693232753,-0.7889912079,0.3813718069,1.0790745893,1.2271040499,0.958187977,-1.02018525,0.0391760764,-0.5406963391,-1.8356433332
1,1.9169952689,0.7257027238,-0.2090821776,1.6077600078,0.6204707687,0.6626646076,-1.3897658685,0.7581029906,-0.1874597823,0.3297190422,0.3765046262,0.4181375462,1.4384964553,0.3172131745
1,2.5428514905,-0.063151028,-0.1923712851,-1.0487657444,0.2259754081,-0.0765603579,-0.6600797968,0.9946833835,-0.132449696,0.5673083138,1.6432947827,-0.7928581741,-0.052728016,0.3920896945
1,-0.5600369326,1.4008375227,1.3628894474,-1.4461352348,-0.7055637124,1.2816283585,-1.19947094,-0.2553996977,0.8981719433,-1.300352426,0.1988521094,-0.6031831528,-0.4415264367,-2.6422070742
1,-0.3779798462,-1.8926113545,1.0595406345,0.0569498904,0.7159128262,0.231473117,-0.6351327482,0.1545050282,0.2595768771,-0.9512319513,2.3023178042,1.0028932393,0.6040447763,-0.3967661185
1,1.6082107266,0.6377094196,-0.0572862676,-0.2528613699,-0.9975658158,-1.0310574066,0.3810322437,1.7124440763,0.7689912718,-1.7540282706,-0.1029688609,-1.1069497603,0.2939584461,-0.3466195604
1,0.590499392,0.835502252,0.3406155733,-0.0050193999,-0.5200834673,0.1358600344,-0.8163422747,-0.069086964,-0.3501391441,-0.833177785,1.2187456998,-1.7375447778,2.236192189,0.4289268343
1,-0.023177904,0.6037878389,-0.077233342,-1.4189210864,0.2238839365,-2.7540375914,-0.2300484028,0.2704295573,-0.4830475302,0.21151512,0.2057999295,0.4000343435,1.0743900053,0.5391279931
1,0.675811358,0.5793425264,-0.7442739667,-1.2868632595,0.3373385698,0.4849242034,-0.9634767736,1.8794071844,0.7129691452,-2.7869968088,0.0916017809,-0.8928543252,-1.8436036953,0.673827245
1,1.5054173986,0.2814224232,-0.3342417514,-0.3320938058,-0.2637879885,0.236482337,-0.2958728031,1.0938773571,-2.1500910013,-1.6541870542,0.3579540873,0.7374253823,0.8828111129,0.2580232629
