RID,APOE4_x,rs429358,rs7412,rs2075650,rs12449237,rs3851179,rs4420638,rs7561528,rs17817600,rs3748140,rs12808148,rs6856768,rs117383358,rs1357692,AGE,PTGENDER,PTEDUCAT,PTETHCAT,PTRACCAT,PTMARRY,FDG,AV45,CDRSB,ADAS11,ADAS13,MMSE,RAVLT.immediate,RAVLT.learning,RAVLT.forgetting,RAVLT.perc.forgetting,FAQ,MOCA,EcogPtMem,EcogPtLang,EcogPtVisspat,EcogPtPlan,EcogPtOrgan,EcogPtDivatt,EcogPtTotal,EcogSPMem,EcogSPLang,EcogSPVisspat,EcogSPPlan,EcogSPOrgan,EcogSPDivatt,EcogSPTotal,Ventricles,Hippocampus,WholeBrain,Entorhinal,Fusiform,MidTemp,ICV.bl,BRAINVOL,VENTVOL,HIPPOVOL_R,HIPPOVOL_L,SIDE,SIZE,INFARCT_NUMBER,BRAIN_REGION,STROKE_TYPE,CSF,GRAY,WHITE,WHITMATHYP,DX.bl
4010,0,0,0,1,0,0,0,0,0,1,0,0,0,1,70.8,1,18,0,0,0,6.658587407,1.366563604,0.0,6.0,8.0,29.0,53.0,7.0,5.0,38.46153846,0.0,25.0,1.714285714,1.444444444,1.0,1.0,1.5,1.75,1.394736842,1.125,1.0,1.0,1.0,1.0,1.0,1.025641026,31817.0,5796.0,911317.1206,3892.0,18787.0,18141.0,1308117.735,923.73,32.754,1.995,1.704,1,1,0.0,1,1,232.162,501.029,396.328,0.63,CN
4014,0,1,0,0,0,1,1,0,0,0,0,0,0,0,80.7,0,16,0,0,1,6.690369844,1.585533579,0.0,7.0,10.0,29.0,36.0,3.0,4.0,50.0,1.0,21.0,2.0,1.222222222,1.142857143,1.2,2.0,2.0,1.564102564,2.75,1.333333333,1.285714286,2.0,2.666666667,1.75,1.948717949,56476.0,8363.0,1144899.23,3615.0,24680.0,24299.0,1762990.303,1165.74,57.441,3.095,2.523,1,1,0.0,1,1,401.878,675.967,489.896,3.1344,CN
4018,0,1,0,0,0,0,0,0,0,0,0,1,0,0,76.1,0,18,0,0,0,6.978783025,0.903773838,0.0,9.0,16.0,29.0,38.0,5.0,6.0,60.0,0.0,24.0,2.0,1.111111111,1.0,1.2,1.0,1.75,1.333333333,1.625,1.777777778,1.0,1.4,1.0,1.25,1.384615385,33175.0,7843.0,1056435.572,3580.0,17237.0,21861.0,1534348.907,1063.38,33.681,3.182,3.035,1,1,0.0,1,1,319.954,579.528,496.451,8.62328,CN
4020,0,1,1,1,0,0,0,0,1,1,1,0,0,0,66.5,0,16,0,0,0,6.582887194,1.004155695,0.0,7.0,10.0,29.0,33.0,4.0,8.0,100.0,0.0,25.0,1.25,1.444444444,1.0,1.0,1.0,1.0,1.153846154,1.0,1.0,1.0,1.0,1.0,1.0,1.0,18846.0,8221.0,1197591.276,4042.0,22013.0,23939.0,1596148.121,1223.36,19.515,3.179,3.19,1,1,0.0,1,1,303.752,624.653,573.262,5.7984,CN
4021,0,0,0,0,0,1,0,0,1,0,0,0,1,0,66.5,0,20,0,2,0,6.638183056,0.951278772,0.0,2.0,4.0,29.0,58.0,8.0,12.0,92.30769231,0.0,26.0,1.0,1.0,1.0,1.0,1.166666667,1.0,1.025641026,1.0,1.0,1.0,1.0,1.0,1.0,1.0,50946.0,7841.0,1144968.268,3696.0,20021.0,20721.0,1630493.917,1117.1,50.962,2.825,2.564,1,1,0.0,1,1,320.444,558.686,517.972,1.4652,CN
4026,0,1,1,0,0,0,0,0,0,0,0,0,1,0,73.5,0,16,0,0,1,6.127775849,1.22726557,0.0,6.0,10.0,29.0,53.0,7.0,4.0,30.76923077,0.0,24.0,2.5,1.444444444,1.571428571,1.2,1.833333333,3.5,1.923076923,1.25,1.111111111,1.0,1.0,1.0,1.5,1.135135135,41798.0,7440.0,1089850.787,3658.0,20680.0,22280.0,1610298.246,1102.48,44.012,2.489,2.549,1,1,0.0,1,1,337.758,583.979,489.427,6.35383,CN
4026,0,1,1,0,0,0,0,0,0,0,0,0,1,0,73.5,0,16,0,0,1,6.127775849,1.22726557,0.0,6.0,10.0,29.0,53.0,7.0,4.0,30.76923077,0.0,24.0,2.5,1.444444444,1.571428571,1.2,1.833333333,3.5,1.923076923,1.25,1.111111111,1.0,1.0,1.0,1.5,1.135135135,41798.0,7440.0,1089850.787,3658.0,20680.0,22280.0,1610298.246,1102.48,44.012,2.489,2.549,1,1,0.0,1,1,337.758,583.979,489.427,6.35383,CN
4028,0,0,0,0,0,0,0,0,0,0,0,0,0,1,63.5,1,18,0,0,4,6.85971963,1.068582641,0.0,3.0,5.0,30.0,52.0,3.0,1.0,9.090909091,0.0,30.0,1.125,1.0,1.0,1.0,1.0,1.0,1.026315789,1.0,1.0,1.0,1.0,1.0,1.0,1.0,9058.0,6615.0,999037.4199,3579.0,18751.0,18535.0,1257475.402,1030.06,9.674,2.7,2.353,1,1,0.0,1,1,228.808,511.272,469.538,5.6748,CN
4032,0,0,0,0,0,0,1,0,0,0,0,0,0,0,70.2,1,14,0,0,0,6.598974037,1.014291891,0.0,3.0,5.0,30.0,56.0,4.0,3.0,23.07692308,0.0,29.0,1.625,1.222222222,1.285714286,1.0,1.0,1.75,1.307692308,1.0,1.0,1.0,1.0,1.0,1.0,1.0,15418.0,6869.0,902834.4578,3141.0,16056.0,18529.0,1262875.649,931.072,15.423,2.444,2.149,1,1,0.0,1,1,267.204,483.085,394.219,1.1088,CN
4037,0,0,0,0,0,0,1,0,1,0,0,0,0,1,75.6,0,16,0,0,0,6.662214389,0.89679292,0.0,11.0,16.0,27.0,30.0,2.0,4.0,57.14285714,1.0,25.0,1.875,1.444444444,1.0,1.0,1.0,1.75,1.358974359,1.625,1.222222222,1.0,1.0,1.0,1.0,1.184210526,36966.0,8290.0,1208548.158,4563.0,21372.0,20067.0,1738838.261,1243.9,38.367,3.205,2.989,1,1,0.0,1,1,351.571,684.09,583.057,0.6288,CN
4041,0,0,0,0,0,0,0,1,1,0,0,1,0,0,77.9,1,18,0,0,1,6.384312681,0.992206587,0.0,7.0,12.0,30.0,55.0,5.0,8.0,61.53846154,0.0,26.0,1.375,1.111111111,1.142857143,1.0,1.333333333,1.5,1.230769231,1.875,1.0,1.428571429,1.2,2.333333333,2.0,1.58974359,23431.0,5307.0,825502.1604,2350.0,15820.0,16502.0,1229438.918,841.214,23.838,1.675,2.037,1,1,0.0,1,1,277.252,494.321,334.417,0.2412,CN
4043,0,0,1,0,1,1,0,0,0,0,0,1,0,0,82.1,0,20,0,0,0,7.488301434,0.926692079,0.0,3.0,6.0,29.0,35.0,4.0,7.0,77.77777778,0.0,26.0,1.0,1.0,1.0,1.0,1.0,1.25,1.027027027,1.0,1.0,1.0,1.0,1.0,1.0,1.0,31957.0,7951.0,1087105.435,4370.0,17855.0,19796.0,1579136.48,1098.43,32.999,3.208,3.107,1,1,0.0,1,1,308.609,568.181,523.384,1.6188,CN
4050,0,0,0,0,0,0,0,1,0,0,0,0,0,0,77.0,0,19,0,0,0,6.479337037,0.958424738,0.0,5.0,10.0,24.0,34.0,3.0,2.0,25.0,0.0,24.0,1.333333333,1.111111111,1.5,1.0,1.5,1.0,1.25,1.5,1.222222222,1.0,1.4,1.2,1.5,1.289473684,42004.0,6888.0,1102085.69,3632.0,19215.0,18226.0,1597300.736,1114.54,43.036,2.686,2.647,1,1,0.0,1,1,336.893,588.264,523.658,8.24577,CN
4060,0,0,0,1,0,0,1,0,0,0,0,1,1,0,84.4,0,18,0,0,0,6.529045741,1.094592754,0.0,8.0,10.0,30.0,52.0,4.0,3.0,27.27272727,0.0,26.0,1.125,1.555555556,1.0,1.0,1.0,2.0,1.256410256,1.75,1.333333333,1.0,1.0,1.0,1.25,1.27027027,41246.0,7902.0,1093461.135,4758.0,17262.0,21261.0,1568259.651,1111.38,42.916,2.968,2.976,1,1,0.0,1,1,316.0,591.829,496.09,15.6528,CN
4066,0,0,0,0,1,1,0,0,1,0,0,0,0,0,78.7,1,18,0,0,0,6.998545246,1.019522349,0.0,3.0,4.0,29.0,51.0,6.0,1.0,7.692307692,0.0,29.0,1.25,1.0,1.0,1.0,1.0,1.0,1.051282051,1.0,1.0,1.0,1.0,1.0,1.0,1.0,54990.0,5900.0,894849.5861,3239.0,18757.0,16903.0,1396026.756,916.28,56.216,2.2,1.906,1,1,0.0,1,1,328.357,514.165,393.174,0.5232,CN
4075,1,0,1,0,0,0,1,0,0,0,0,0,0,0,73.4,0,16,0,0,0,5.388929959,0.972550353,0.0,7.0,10.0,29.0,40.0,5.0,5.0,50.0,0.0,26.0,1.5,1.222222222,1.0,1.0,1.166666667,1.25,1.205128205,2.0,1.222222222,1.0,1.2,1.0,1.75,1.358974359,29921.0,7150.0,1096883.472,4400.0,19676.0,21217.0,1557966.853,1113.03,31.656,2.592,2.588,1,1,0.0,1,1,294.241,588.868,511.462,3.09549,CN
4076,0,1,0,1,0,0,0,0,1,0,0,0,0,1,72.6,1,20,0,0,0,6.983563202,1.045330916,0.0,3.0,5.0,30.0,45.0,4.0,0.0,0.0,0.0,27.0,1.125,1.0,1.0,1.0,1.0,1.0,1.025641026,1.0,1.0,1.0,1.0,1.0,1.0,1.0,30335.0,7191.0,988806.1378,3652.0,19715.0,18260.0,1504644.944,1011.25,32.335,2.466,2.48,1,1,0.0,1,1,336.196,573.296,454.931,1.374,CN
4080,0,0,0,0,0,1,0,0,1,0,0,0,0,1,78.6,1,16,0,0,1,7.031709232,1.084723291,0.0,7.0,12.0,28.0,31.0,7.0,9.0,100.0,0.0,25.0,1.25,1.125,1.0,1.0,1.0,1.0,1.083333333,1.142857143,1.111111111,1.0,1.0,1.0,1.0,1.054054054,42088.0,6716.0,979186.284,4122.0,18271.0,19417.0,1400695.139,992.294,43.863,2.498,2.418,1,1,0.0,1,1,289.41,527.66,448.498,1.8096,CN
4081,1,0,0,0,0,0,0,0,0,0,1,1,0,0,72.7,1,12,0,0,1,6.446712328,1.498959778,0.0,5.0,9.0,28.0,34.0,6.0,3.0,30.0,0.0,28.0,1.428571429,1.333333333,1.285714286,1.0,1.0,1.0,1.210526316,1.75,1.5,1.142857143,1.2,1.0,2.0,1.421052632,25561.0,6116.0,862980.1967,3163.0,15981.0,19424.0,1164603.305,852.311,26.125,2.148,2.292,1,1,0.0,1,1,261.73,481.599,355.274,4.38157,CN
4082,1,0,1,0,0,0,1,0,0,0,1,0,0,0,75.4,0,17,0,0,0,6.849439279,0.982974844,0.0,2.0,4.0,30.0,52.0,9.0,6.0,40.0,0.0,25.0,2.5,1.333333333,1.285714286,1.2,1.333333333,1.5,1.564102564,1.625,1.111111111,1.285714286,1.4,1.166666667,1.75,1.358974359,58892.0,7910.0,1272812.665,4194.0,21504.0,23511.0,1838448.563,1286.92,60.254,3.233,3.142,1,1,0.0,1,1,421.801,699.004,613.55,9.2916,CN
4084,0,1,0,0,0,0,0,0,0,1,1,0,0,0,68.4,1,18,0,0,1,6.822142035,1.014072257,0.0,8.0,10.0,30.0,46.0,4.0,1.0,9.090909091,0.0,28.0,1.125,1.111111111,1.0,1.0,1.166666667,1.0,1.076923077,1.0,1.0,1.0,1.0,1.0,1.0,1.0,11490.0,8888.0,1098218.997,3731.0,18010.0,23907.0,1518086.502,1117.84,12.159,2.949,2.85,1,1,0.0,1,1,285.262,593.075,491.213,2.5896,CN
4090,0,0,0,0,0,1,0,0,0,1,0,0,0,1,71.4,0,20,0,0,0,6.731089608,1.089095162,0.0,7.0,10.0,30.0,33.0,7.0,3.0,33.33333333,0.0,25.0,1.0,1.0,1.0,1.0,1.0,1.0,1.0,1.0,1.0,1.0,1.0,1.0,1.0,1.0,26793.0,8108.0,1078221.666,4288.0,19173.0,21265.0,1508970.692,1093.83,27.326,2.794,2.949,1,1,0.0,1,1,267.265,583.96,503.621,2.67769,CN
4092,0,1,0,0,0,0,0,0,0,0,0,1,0,0,81.5,1,14,0,0,1,6.042218893,1.259573119,0.0,7.0,14.0,29.0,42.0,0.0,7.0,77.77777778,0.0,26.0,1.875,1.222222222,1.0,1.0,1.0,1.75,1.307692308,1.25,1.0,1.0,1.0,1.0,2.0,1.131578947,42644.0,6832.0,1051502.99,3361.0,20706.0,19216.0,1513195.409,1059.77,43.525,2.676,2.451,1,1,0.0,1,1,323.321,593.979,442.709,13.3083,CN
4093,0,0,0,0,1,0,0,0,1,0,0,0,1,0,70.0,1,16,0,0,0,5.982528223,1.126953446,0.0,6.0,11.0,29.0,56.0,3.0,3.0,25.0,0.0,26.0,1.25,1.222222222,1.0,1.0,1.0,1.25,1.128205128,2.0,1.666666667,1.142857143,1.0,1.0,2.0,1.513513514,102422.0,7079.0,1110262.492,4015.0,19745.0,20742.0,1670390.118,1127.05,103.635,2.96,2.846,1,1,0.0,1,1,381.936,619.408,487.775,7.7988,CN
4097,0,0,0,0,0,0,0,0,0,1,0,1,0,1,70.8,1,16,1,0,2,6.639305269,1.091807394,0.0,6.0,10.0,30.0,46.0,7.0,5.0,41.66666667,0.0,28.0,1.0,1.0,1.0,1.0,1.0,1.0,1.0,1.0,1.0,1.0,1.0,1.0,1.0,1.0,9745.0,7632.0,985159.1276,3262.0,15366.0,19891.0,1238293.28,993.17,10.656,3.145,2.966,1,1,0.0,1,1,258.901,538.699,460.79,1.07064,CN
4100,0,0,0,1,0,0,1,0,0,0,0,0,0,0,78.5,1,12,0,0,1,6.361140114,1.306091734,0.0,4.0,7.0,28.0,48.0,4.0,3.0,27.27272727,0.0,27.0,2.125,2.0,1.285714286,1.2,1.166666667,1.0,1.564102564,1.0,1.0,1.0,1.0,1.0,1.0,1.0,57649.0,7187.0,1044911.582,3245.0,19459.0,21464.0,1535704.563,1060.09,57.776,2.605,2.631,1,1,0.0,1,1,339.252,608.792,388.861,56.022,CN
4103,0,0,1,0,0,0,0,0,0,0,0,1,1,0,70.9,0,20,0,0,0,6.339054375,1.038229158,0.0,8.0,13.0,29.0,42.0,7.0,3.0,21.42857143,0.0,24.0,1.875,1.555555556,1.0,1.0,1.5,1.25,1.41025641,1.0,1.0,1.0,1.0,1.0,2.0,1.102564103,28858.0,5653.0,847861.0948,3224.0,15830.0,16878.0,1212641.498,873.974,30.212,2.024,2.008,1,1,0.0,1,1,229.16,466.175,398.068,1.5168,CN
4104,0,1,0,0,1,0,1,0,0,0,0,0,1,0,72.4,0,20,0,0,0,7.578768245,0.940124529,0.5,3.0,4.0,30.0,34.0,5.0,6.0,60.0,5.0,24.0,2.5,2.0,2.0,2.0,1.833333333,2.0,2.076923077,1.5,1.111111111,1.0,1.4,1.166666667,1.75,1.282051282,24545.0,6837.0,1030304.508,4254.0,17716.0,20915.0,1447061.547,1051.47,24.528,2.677,2.625,1,1,0.0,1,1,337.23,591.565,455.904,1.344,CN
4119,0,1,0,0,0,0,1,0,1,1,0,0,0,0,79.3,0,20,0,0,0,6.605702294,1.000419497,0.0,10.0,12.0,30.0,33.0,3.0,6.0,75.0,0.0,27.0,1.75,1.333333333,1.285714286,1.0,1.0,1.0,1.282051282,1.625,1.111111111,1.142857143,1.0,1.0,1.0,1.179487179,38806.0,7274.0,1115135.407,4204.0,22128.0,21497.0,1546641.936,1133.98,40.072,2.736,2.61,1,1,0.0,1,1,359.862,639.79,530.416,1.80709,CN
4120,0,0,0,0,0,0,1,0,0,1,0,1,0,0,81.8,1,17,0,0,2,6.099512185,1.318952267,0.0,10.0,19.0,30.0,39.0,4.0,8.0,80.0,0.0,24.0,1.5,2.0,1.857142857,1.4,1.333333333,2.0,1.692307692,1.0,1.0,1.0,1.0,1.0,1.0,1.0,35650.0,7154.0,974470.7093,3724.0,17634.0,17262.0,1447417.34,1001.11,36.167,2.61,2.709,1,1,0.0,1,1,305.63,556.801,420.862,4.7016,CN
4121,0,0,0,0,0,0,0,0,0,0,0,1,0,1,89.0,0,16,0,0,1,5.475719829,0.946509929,0.0,5.0,9.0,27.0,31.0,3.0,3.0,42.85714286,0.0,19.0,1.375,1.333333333,1.142857143,1.0,1.333333333,1.25,1.256410256,1.375,1.222222222,1.142857143,1.0,1.5,1.25,1.256410256,32628.0,6456.0,961057.2446,4113.0,19714.0,18757.0,1382468.977,975.905,33.905,2.105,2.03,1,1,0.0,1,1,336.61,547.731,458.774,4.0511,CN
4125,1,0,0,0,0,0,0,0,0,0,0,0,0,0,75.8,1,12,0,0,0,6.523659845,0.94538855,0.0,10.0,19.0,30.0,50.0,6.0,8.0,66.66666667,0.0,24.0,1.375,1.777777778,1.857142857,1.0,1.0,1.5,1.461538462,1.375,1.444444444,1.0,1.4,1.333333333,1.0,1.282051282,28576.0,6948.0,929172.5961,3412.0,19235.0,19776.0,1289003.308,943.254,29.504,2.695,2.472,1,1,0.0,1,1,246.794,526.738,401.334,1.8468,CN
4139,0,0,0,0,0,0,0,0,0,0,0,0,0,0,70.5,1,17,0,0,0,7.24636825,1.017773293,0.0,19.0,23.0,29.0,31.0,4.0,3.0,42.85714286,0.0,20.0,1.125,1.111111111,1.0,1.0,1.0,1.0,1.051282051,1.0,1.0,1.0,1.0,1.0,1.0,1.0,16297.0,6289.0,887360.3304,3001.0,16867.0,16225.0,1247350.648,890.801,17.225,2.358,2.22,1,1,0.0,1,1,251.48,502.639,384.907,0.484546,CN
4155,1,0,0,0,1,0,1,0,0,0,0,0,0,1,77.6,1,14,0,0,1,6.855767187,1.683183986,0.0,4.0,7.0,28.0,38.0,4.0,5.0,50.0,0.0,22.0,1.25,1.111111111,1.142857143,1.0,1.0,1.0,1.102564103,1.0,1.333333333,1.0,1.0,1.0,1.0,1.076923077,20708.0,7217.0,936922.4943,3436.0,17198.0,18649.0,1352182.609,958.509,21.561,2.917,2.601,1,1,0.0,1,1,270.037,529.89,403.102,2.544,CN
4158,0,0,1,0,0,1,0,0,1,0,0,1,0,0,84.3,0,18,0,0,0,6.566254671,0.957170477,0.0,6.0,8.0,30.0,45.0,8.0,4.0,30.76923077,0.0,29.0,1.625,1.333333333,1.142857143,1.0,1.0,1.5,1.282051282,1.5,1.333333333,1.285714286,1.0,1.0,1.0,1.230769231,36249.0,6104.0,957491.7683,3820.0,16568.0,17266.0,1425430.724,973.836,37.24,2.704,2.521,2,0,1.0,6,0,360.413,543.457,420.395,1.42694,CN
4164,0,1,0,0,1,0,0,1,0,1,0,0,0,0,72.6,0,12,0,0,0,7.113309814,0.971177789,0.0,6.0,11.0,30.0,42.0,6.0,3.0,27.27272727,0.0,30.0,1.125,1.111111111,1.0,1.0,1.0,1.0,1.051282051,1.0,1.0,1.0,1.0,1.0,1.0,1.0,39270.0,7610.0,1112889.79,4181.0,20176.0,19343.0,1634194.17,1157.25,41.412,2.785,2.615,1,1,0.0,1,1,340.628,602.823,559.96,3.15823,CN
4173,0,0,0,0,0,0,0,0,0,0,1,0,1,0,69.8,1,12,0,0,1,6.520795072,1.09693166,0.0,4.0,7.0,30.0,49.0,11.0,3.0,20.0,0.0,28.0,1.375,1.0,1.0,1.0,1.166666667,1.0,1.102564103,1.25,1.111111111,1.285714286,1.2,1.166666667,1.25,1.205128205,15987.0,6820.0,961262.7373,2518.0,18044.0,20052.0,1313167.774,982.575,16.454,2.422,2.462,1,1,0.0,1,1,241.097,527.938,428.314,2.6412,CN
4174,1,0,1,0,0,0,0,0,0,0,0,0,0,0,73.7,1,18,0,0,0,6.715303064,1.506131715,0.0,3.0,5.0,29.0,45.0,3.0,4.0,40.0,0.0,30.0,1.285714286,1.444444444,1.0,1.2,1.0,1.75,1.27027027,1.25,1.0,1.285714286,1.2,1.166666667,1.5,1.205128205,13582.0,8240.0,1036764.61,3409.0,18139.0,20473.0,1360723.632,1052.94,14.275,2.998,2.876,1,1,0.0,1,1,273.973,602.63,436.89,1.73663,CN
4177,0,1,0,1,0,1,0,0,0,1,0,1,0,0,84.9,0,20,0,0,0,7.671485055,1.024554352,0.0,8.0,14.0,30.0,42.0,7.0,6.0,50.0,0.0,25.0,1.25,1.111111111,1.0,1.0,1.0,1.0,1.076923077,1.75,1.222222222,1.0,1.0,1.333333333,1.25,1.282051282,47203.0,8873.0,1121694.948,4559.0,16645.0,24240.0,1683433.383,1140.26,47.498,3.749,3.459,0,0,1.0,7,0,394.27,634.951,509.717,13.512,CN
4179,2,0,0,0,0,0,1,0,0,1,1,0,0,1,83.0,0,20,0,0,0,6.68925615,1.524314313,0.0,9.0,12.0,30.0,37.0,7.0,5.0,45.45454545,0.0,23.0,1.375,1.0,1.0,1.0,1.333333333,2.0,1.230769231,1.0,1.0,1.0,1.0,1.0,1.0,1.0,59606.0,7030.0,1141145.121,3922.0,21256.0,22235.0,1652765.186,1151.69,61.008,2.943,2.961,1,1,0.0,1,1,372.884,646.066,486.976,24.4584,CN
4198,1,0,0,0,1,0,0,1,0,1,0,1,1,0,78.4,1,16,0,0,0,6.389325058,1.404176567,0.0,3.0,6.0,30.0,53.0,7.0,3.0,23.07692308,0.0,28.0,1.375,1.222222222,1.142857143,1.0,1.0,1.0,1.153846154,1.25,1.222222222,1.0,1.0,1.0,1.0,1.102564103,40868.0,6725.0,977790.8308,3172.0,17010.0,20446.0,1383123.985,982.175,41.428,2.742,2.37,1,1,0.0,1,1,300.384,515.798,455.958,2.44576,CN
4200,0,0,1,0,0,0,0,0,0,0,1,1,1,0,70.2,1,18,0,0,2,7.3076009,1.065574855,0.0,4.0,5.0,30.0,60.0,7.0,1.0,6.666666667,0.0,29.0,1.5,1.444444444,1.571428571,1.4,1.5,1.5,1.487179487,1.0,1.0,1.0,1.4,1.0,2.0,1.153846154,18864.0,8227.0,1059271.482,4056.0,16269.0,22422.0,1502424.707,1076.47,20.496,3.214,3.036,1,1,0.0,1,1,291.425,572.839,479.888,2.766,CN
4208,0,0,0,0,1,0,0,0,0,0,0,0,0,0,78.2,0,20,0,0,0,6.230007056,0.984512722,0.0,5.0,9.0,30.0,62.0,8.0,0.0,0.0,0.0,29.0,2.0,1.222222222,1.142857143,1.6,1.0,2.25,1.487179487,1.25,1.222222222,1.0,1.0,1.0,1.0,1.102564103,58111.0,6615.0,1087081.051,4184.0,23049.0,22425.0,1648381.332,1100.9,61.253,2.49,2.429,1,1,0.0,1,1,366.24,609.46,497.226,4.6752,CN
4213,0,0,0,0,0,0,0,0,0,0,0,0,0,0,78.0,1,14,0,0,1,6.486526312,0.964033293,0.0,7.0,8.0,28.0,55.0,8.0,1.0,7.692307692,0.0,21.0,1.5,1.222222222,1.142857143,1.0,1.0,1.0,1.179487179,1.0,1.111111111,1.0,1.0,1.0,1.0,1.025641026,33224.0,7502.0,994096.9569,4413.0,18023.0,19310.0,1501286.149,1012.16,33.194,2.587,2.825,1,1,0.0,1,1,319.45,570.439,419.369,1.23873,CN
4218,0,0,0,0,0,0,0,0,0,0,0,1,0,0,80.7,0,16,0,0,0,6.10019211,0.977485352,0.5,10.0,14.0,29.0,34.0,6.0,7.0,70.0,0.0,27.0,1.5,1.777777778,1.285714286,1.4,1.666666667,2.0,1.58974359,1.25,1.0,1.0,1.0,1.0,1.0,1.052631579,64263.0,7573.0,1099396.742,4052.0,21805.0,22888.0,1697452.629,1112.56,64.69,2.762,2.718,1,1,0.0,1,1,428.947,644.762,450.623,4.8756,CN
4222,1,0,0,0,0,0,0,0,0,0,0,0,0,0,82.3,1,16,0,0,0,6.17579916,1.011215038,0.0,8.0,13.0,30.0,36.0,6.0,3.0,30.0,0.0,24.0,1.875,1.777777778,1.0,1.0,2.166666667,2.5,1.692307692,1.0,1.0,1.0,1.0,1.5,1.0,1.054054054,57288.0,5160.0,950071.0345,2372.0,16399.0,19630.0,1354097.528,960.761,57.832,2.088,1.734,1,1,0.0,1,1,348.6,546.332,391.807,7.6476,CN
4224,0,0,0,1,0,0,1,0,0,0,0,0,0,1,75.1,0,20,0,0,0,6.51894816,1.026821091,0.0,3.0,3.0,29.0,58.0,10.0,1.0,6.666666667,0.0,29.0,1.25,1.222222222,1.0,1.0,1.0,1.0,1.102564103,1.25,1.222222222,1.0,1.0,1.0,1.0,1.102564103,33670.0,7551.0,1125719.261,3358.0,19941.0,21573.0,1614879.832,1127.43,35.466,2.608,2.5,1,1,0.0,1,1,286.57,590.073,536.294,5.04436,CN
4225,1,0,0,0,0,0,0,0,0,0,1,0,0,0,69.9,0,20,0,0,0,7.230393676,1.495188989,0.0,6.0,11.0,28.0,44.0,10.0,4.0,30.76923077,0.0,25.0,1.0,1.0,1.0,1.0,1.0,1.0,1.0,1.25,1.0,1.0,1.0,1.0,1.0,1.051282051,39319.0,8762.0,1280618.048,4104.0,23170.0,29435.0,1906705.22,1346.7,39.404,3.125,3.164,1,1,0.0,1,1,380.632,706.397,592.165,2.1252,CN
4262,0,0,0,0,0,0,0,1,0,0,1,0,0,0,72.8,1,16,0,0,0,6.293903428,1.5169627,0.0,7.0,9.0,29.0,52.0,9.0,2.0,13.33333333,1.0,27.0,2.0,1.666666667,1.142857143,1.4,1.0,1.5,1.487179487,1.25,1.111111111,1.0,1.2,1.0,1.25,1.128205128,61364.0,7135.0,969296.8015,3738.0,16215.0,20776.0,1552877.076,1001.79,61.358,2.502,2.59,1,1,0.0,1,1,395.617,575.59,394.643,8.3988,CN
4266,1,0,0,0,1,0,0,0,1,0,1,0,0,0,69.8,1,14,0,0,0,5.806758718,1.439107734,0.0,3.0,4.0,30.0,54.0,7.0,4.0,28.57142857,0.0,28.0,2.125,1.888888889,1.142857143,1.0,1.0,1.5,1.512820513,1.25,1.0,1.0,1.0,1.0,1.0,1.054054054,18597.0,7636.0,1148016.807,3745.0,19493.0,22254.0,1483137.539,1165.68,19.627,2.9,2.929,1,1,0.0,1,1,254.037,572.866,558.358,2.07834,CN
4269,0,0,1,0,0,0,0,0,0,0,0,0,1,0,65.6,1,20,0,0,0,6.661747928,1.000909768,0.0,3.0,6.0,30.0,59.0,6.0,3.0,21.42857143,0.0,27.0,2.25,1.555555556,1.428571429,1.6,1.5,2.0,1.717948718,1.125,1.0,1.0,1.0,1.0,1.0,1.025641026,29098.0,8802.0,1044255.14,5292.0,17183.0,19385.0,1501148.794,1083.46,28.662,3.451,3.563,1,1,0.0,1,1,303.294,542.489,485.949,3.00739,CN
4270,1,0,0,0,0,1,0,0,1,0,0,0,0,0,74.6,1,16,0,0,0,6.834569803,1.641173809,0.0,5.0,7.0,28.0,51.0,11.0,4.0,26.66666667,0.0,24.0,1.25,1.222222222,1.0,1.0,1.0,1.0,1.102564103,1.375,1.0,1.0,1.0,1.0,1.25,1.105263158,32832.0,6604.0,1039379.916,2978.0,19234.0,19372.0,1501943.484,1063.12,33.722,2.187,2.145,1,1,0.0,1,1,253.518,557.517,494.693,3.75757,CN
4275,0,0,0,1,0,1,0,1,0,1,0,0,1,0,72.8,0,18,0,0,0,6.547328414,0.905992509,0.0,6.0,10.0,29.0,48.0,4.0,5.0,50.0,0.0,26.0,1.625,1.777777778,1.285714286,1.0,1.0,2.0,1.461538462,1.375,1.111111111,1.0,1.0,1.0,1.0,1.102564103,44838.0,7864.0,1230922.767,4084.0,18794.0,25071.0,1641200.803,1223.2,46.058,3.199,3.002,1,1,0.0,1,1,325.567,654.721,579.806,7.8695,CN
4276,1,0,0,1,0,0,0,1,0,0,0,0,1,0,73.9,1,12,0,0,0,6.655253359,0.916674664,0.0,5.0,9.0,29.0,45.0,8.0,3.0,23.07692308,0.0,25.0,1.5,1.0,1.142857143,1.0,1.0,1.0,1.128205128,1.0,1.0,1.0,1.0,1.0,1.0,1.0,24554.0,7150.0,1036301.244,3402.0,18461.0,18366.0,1454782.231,1059.65,24.805,2.608,2.532,1,1,0.0,1,1,273.733,550.21,475.239,3.25842,CN
4288,0,1,0,1,0,0,1,0,0,1,0,0,0,0,72.5,1,14,0,0,0,7.919875629,1.129781532,0.0,3.0,7.0,29.0,51.0,10.0,6.0,40.0,0.0,26.0,1.25,1.444444444,1.285714286,1.2,1.333333333,1.25,1.307692308,1.0,1.111111111,1.142857143,1.0,1.333333333,1.5,1.153846154,25035.0,7636.0,918889.1973,3507.0,15159.0,18984.0,1227044.401,929.783,25.315,2.633,2.55,1,1,0.0,1,1,282.072,511.48,409.371,8.1418,CN
4291,0,0,1,0,0,0,0,0,1,1,0,0,0,0,75.5,1,20,0,0,0,5.896967066,1.369567154,0.0,3.0,6.0,30.0,61.0,7.0,3.0,20.0,0.0,26.0,1.75,1.333333333,1.0,1.0,1.166666667,1.0,1.256410256,1.0,1.0,1.0,1.0,1.0,1.0,1.0,61111.0,6691.0,923159.3683,3760.0,17701.0,18124.0,1363381.211,920.505,62.202,2.474,2.317,1,1,0.0,1,1,305.203,536.178,385.432,5.7444,CN
4292,0,0,0,0,0,0,0,0,0,0,1,1,0,0,70.9,0,15,0,0,0,7.725127398,1.08014848,0.0,10.0,12.0,28.0,42.0,5.0,5.0,45.45454545,1.0,25.0,1.375,1.555555556,1.0,1.2,1.5,1.75,1.384615385,1.25,1.0,1.0,1.2,2.0,3.5,1.486486486,24627.0,7754.0,1038444.073,4108.0,16927.0,20504.0,1459216.429,1055.11,25.303,2.876,2.684,1,1,0.0,1,1,264.917,538.398,493.212,2.076,CN
4308,0,0,1,0,0,0,1,1,0,1,0,0,0,1,74.0,0,16,0,0,0,5.979499023,1.03138188,0.0,8.0,13.0,30.0,27.0,5.0,7.0,87.5,0.0,27.0,2.25,1.555555556,1.0,1.2,1.8,1.0,1.526315789,1.25,1.0,1.0,1.0,1.0,1.0,1.052631579,54972.0,7888.0,1099660.829,4304.0,21977.0,22022.0,1717201.872,1130.01,55.946,3.003,2.991,1,1,0.0,1,1,420.589,721.926,432.29,1.07988,CN
4313,1,0,0,0,0,0,0,0,0,1,0,0,0,0,77.0,1,18,0,0,0,6.478240521,0.914030543,0.0,7.0,12.0,25.0,43.0,7.0,4.0,33.33333333,0.0,24.0,1.875,1.666666667,1.714285714,1.0,1.0,1.5,1.512820513,1.0,1.0,1.0,1.0,1.0,1.0,1.0,26655.0,8026.0,1052894.071,3697.0,14000.0,22478.0,1474483.842,1081.96,27.053,2.849,2.763,2,0,1.0,4,0,300.163,580.38,465.09,5.9652,CN
4320,0,0,1,0,0,0,0,0,0,0,1,0,0,0,70.7,1,12,0,0,0,7.408802257,1.204792511,0.0,3.0,4.0,30.0,52.0,7.0,3.0,21.42857143,0.0,28.0,1.25,1.222222222,1.0,1.0,1.0,1.0,1.102564103,1.25,1.0,1.0,1.0,1.0,1.0,1.058823529,40036.0,8697.0,1031259.713,3650.0,16239.0,22074.0,1498350.088,1039.32,41.443,3.289,3.103,1,1,0.0,1,1,366.286,609.559,443.192,2.4828,CN
4335,0,0,0,0,0,0,0,0,0,0,0,0,1,0,71.7,1,15,0,0,0,6.796866414,1.231497875,0.0,7.0,10.0,30.0,56.0,8.0,2.0,14.28571429,0.0,27.0,1.5,1.222222222,1.0,1.0,1.333333333,1.25,1.230769231,1.375,1.0,1.0,1.2,1.166666667,1.25,1.153846154,17761.0,8184.0,1087374.922,4426.0,21203.0,22808.0,1424445.065,1098.99,17.832,2.948,2.972,1,1,0.0,1,1,281.438,597.884,485.106,3.71443,CN
4337,0,0,0,0,0,0,0,0,0,0,0,0,0,0,72.0,0,12,0,0,1,6.352464177,1.007312457,0.0,9.0,15.0,26.0,40.0,7.0,8.0,72.72727273,1.0,22.0,1.333333333,1.0,1.0,1.0,1.0,1.0,1.060606061,1.375,1.222222222,1.571428571,1.4,1.0,1.25,1.324324324,51722.0,7918.0,997390.5894,4658.0,17276.0,22624.0,1516818.494,1016.17,52.45,2.986,3.01,1,1,0.0,1,1,289.224,576.724,427.694,5.01899,CN
4339,2,0,1,0,0,0,1,0,0,0,0,0,1,0,84.3,0,17,0,0,0,6.846323989,1.393435864,1.0,9.0,15.0,29.0,26.0,2.0,4.0,66.66666667,0.0,22.0,2.75,3.0,1.714285714,1.8,1.833333333,2.25,2.307692308,1.125,1.0,1.0,1.0,1.0,1.0,1.025641026,44432.0,7925.0,1082259.234,3650.0,20383.0,24592.0,1661131.821,1121.99,44.95,3.322,3.091,1,1,0.0,1,1,340.915,598.881,495.427,2.01027,CN
4340,0,0,0,0,0,1,1,0,0,0,0,0,0,1,66.7,1,16,0,0,2,6.682832559,1.071137507,0.0,3.0,5.0,29.0,45.0,8.0,5.0,41.66666667,0.0,29.0,2.125,1.555555556,1.142857143,1.0,1.0,2.0,1.487179487,1.125,1.0,1.0,1.0,1.0,1.0,1.025641026,17493.0,8667.0,1188525.793,5097.0,26540.0,19623.0,1611424.519,1193.67,18.081,3.069,2.733,1,1,0.0,1,1,293.61,656.58,531.168,9.6852,CN
4348,2,0,0,0,0,0,1,0,0,0,0,0,0,1,66.1,1,17,0,0,2,6.176399895,1.424412622,0.0,6.0,9.0,30.0,40.0,10.0,8.0,61.53846154,0.0,25.0,1.125,1.222222222,1.0,1.4,1.0,1.0,1.128205128,1.0,1.0,1.0,1.0,1.0,1.0,1.0,15982.0,6992.0,914344.0851,3300.0,13996.0,16944.0,1294915.849,920.439,16.987,2.508,2.49,2,0,1.0,8,0,240.917,458.526,441.677,4.5852,CN
4349,0,1,0,1,0,1,1,0,0,0,0,0,0,1,71.4,1,16,0,0,2,6.837798092,1.038551299,0.0,3.0,8.0,29.0,41.0,3.0,7.0,77.77777778,0.0,24.0,1.875,1.0,1.142857143,1.2,1.0,1.0,1.230769231,1.25,1.0,1.0,1.0,1.0,1.0,1.057142857,35490.0,7819.0,1207075.585,4903.0,19344.0,23479.0,1637938.179,1239.86,35.992,3.056,2.96,1,1,0.0,1,1,316.087,615.503,523.327,14.6772,CN
4350,0,0,0,0,0,1,0,1,1,0,0,0,0,0,72.9,0,13,0,0,2,6.21678787,1.076477636,0.0,8.0,10.0,30.0,54.0,7.0,2.0,15.38461538,0.0,28.0,2.25,2.375,1.142857143,2.0,2.833333333,2.5,2.157894737,1.125,1.0,1.428571429,1.0,1.0,1.0,1.102564103,13382.0,9405.0,1175768.781,5176.0,22317.0,26383.0,1456769.378,1175.06,13.29,3.444,3.248,1,1,0.0,1,1,317.014,617.064,540.098,2.78454,CN
4352,0,0,0,0,1,0,0,0,1,1,0,1,1,1,83.6,0,16,0,0,0,6.882442073,1.049649574,0.0,7.0,14.0,29.0,39.0,4.0,5.0,55.55555556,0.0,24.0,1.5,1.222222222,1.142857143,1.0,1.0,1.5,1.230769231,1.375,1.0,1.285714286,1.0,1.0,1.0,1.135135135,45933.0,6247.0,1042028.656,3566.0,16226.0,19871.0,1637703.286,1079.02,46.158,2.536,2.322,1,1,0.0,1,1,438.32,627.089,457.367,0.0732,CN
4357,0,0,0,0,0,0,1,0,1,0,0,0,1,0,73.7,1,16,0,0,0,7.322357588,1.022237618,0.0,5.0,9.0,30.0,49.0,4.0,3.0,25.0,0.0,27.0,1.625,1.111111111,1.0,1.0,1.0,1.25,1.184210526,1.0,1.0,1.0,1.0,1.0,1.0,1.0,13221.0,7510.0,924363.7103,3547.0,17084.0,16441.0,1339630.251,963.85,13.531,2.552,2.315,1,1,0.0,1,1,296.974,516.468,416.366,2.0616,CN
4357,0,0,0,0,0,0,1,0,1,0,0,0,1,0,73.7,1,16,0,0,0,7.322357588,1.022237618,0.0,5.0,9.0,30.0,49.0,4.0,3.0,25.0,0.0,27.0,1.625,1.111111111,1.0,1.0,1.0,1.25,1.184210526,1.0,1.0,1.0,1.0,1.0,1.0,1.0,13221.0,7510.0,924363.7103,3547.0,17084.0,16441.0,1339630.251,963.85,13.531,2.552,2.315,1,1,0.0,1,1,296.974,516.468,416.366,2.0616,CN
4365,0,0,0,0,0,0,0,0,0,0,0,1,0,0,80.3,0,20,0,0,0,6.119875757,1.173073589,0.0,7.0,15.0,29.0,35.0,5.0,4.0,44.44444444,0.0,24.0,1.0,1.0,1.0,1.0,1.0,1.0,1.0,1.125,1.0,1.0,1.0,1.0,1.0,1.027027027,58076.0,7223.0,1081775.276,4262.0,19527.0,18923.0,1644348.708,1118.55,59.276,3.047,2.757,1,1,0.0,1,1,439.149,654.347,497.304,7.27087,CN
4367,1,0,0,1,0,0,0,0,1,0,0,1,0,0,65.1,1,18,0,0,0,6.438124814,1.0086772,0.0,3.0,6.0,29.0,36.0,4.0,4.0,44.44444444,0.0,22.0,1.5,1.111111111,1.142857143,1.0,1.0,1.0,1.153846154,1.25,1.0,1.0,1.0,1.0,1.0,1.051282051,14244.0,7659.0,1108146.439,4340.0,17777.0,18278.0,1459773.665,1136.96,14.397,3.015,2.898,1,1,0.0,1,1,250.267,544.705,528.589,7.296,CN
4369,0,0,0,0,0,1,0,1,0,0,0,0,0,0,68.3,0,20,0,0,0,6.318667477,0.980353421,0.0,9.0,15.0,29.0,51.0,3.0,3.0,30.0,0.0,24.0,1.375,1.0,1.0,1.0,1.0,1.0,1.078947368,1.25,1.0,1.0,1.0,1.0,1.0,1.051282051,12712.0,6780.0,1032985.1,4077.0,18043.0,20223.0,1345543.165,1031.65,14.312,2.513,2.635,1,1,0.0,1,1,218.59,553.707,476.569,0.552636,CN
4371,1,0,1,0,0,0,0,0,0,0,0,0,0,0,67.7,0,18,0,0,0,5.923092889,1.248287984,0.0,8.0,14.0,28.0,49.0,6.0,5.0,45.45454545,0.0,24.0,1.625,1.111111111,1.0,1.2,1.0,1.0,1.179487179,1.125,1.333333333,1.142857143,1.0,1.0,1.0,1.128205128,28669.0,6768.0,1014635.806,3506.0,18398.0,20806.0,1322118.709,1009.33,29.407,2.209,2.828,1,1,0.0,1,1,333.879,582.272,476.554,2.36159,CN
4372,0,0,1,0,0,0,0,0,0,1,0,0,0,0,70.0,1,18,0,0,0,6.349397491,1.04800579,0.0,11.0,14.0,30.0,44.0,7.0,5.0,41.66666667,0.0,27.0,1.75,1.666666667,1.0,1.0,1.0,1.0,1.307692308,1.25,1.222222222,1.0,1.0,1.0,1.0,1.102564103,20203.0,7830.0,953606.6281,3827.0,18902.0,19168.0,1344811.587,962.839,21.241,3.041,2.9,1,1,0.0,1,1,310.333,576.082,418.792,0.285656,CN
4384,0,0,0,0,0,0,0,0,0,0,0,0,0,0,62.3,0,18,0,3,4,5.669768008,1.066504721,0.0,2.0,4.0,30.0,62.0,7.0,0.0,0.0,0.0,25.0,1.875,1.333333333,1.0,1.0,1.0,1.0,1.256410256,1.375,1.0,1.0,1.4,1.0,1.5,1.179487179,35311.0,8780.0,1098095.497,4895.0,16575.0,20406.0,1409886.659,1108.69,36.432,3.131,3.229,1,1,0.0,1,1,282.38,605.622,490.803,0.979046,CN
4387,1,0,1,0,0,0,0,0,0,0,0,1,0,1,76.1,1,16,0,0,0,6.481570879,1.007998191,0.0,5.0,8.0,29.0,36.0,1.0,5.0,71.42857143,0.0,25.0,1.0,1.0,1.0,1.0,1.0,1.0,1.0,1.0,1.0,1.0,1.0,1.0,1.0,1.0,34558.0,7038.0,1005459.671,3614.0,18686.0,20036.0,1395944.95,1004.18,34.223,2.662,2.592,1,1,0.0,1,1,310.661,539.089,454.905,5.46706,CN
4388,2,0,0,0,1,0,0,0,0,0,0,0,0,0,66.8,0,18,0,0,0,6.008220989,0.976714039,0.5,4.0,6.0,29.0,57.0,9.0,0.0,0.0,0.0,27.0,1.625,1.777777778,1.142857143,1.2,1.333333333,2.75,1.58974359,1.625,1.111111111,1.0,1.0,1.0,1.5,1.205128205,37223.0,8301.0,1162959.983,4197.0,18744.0,23707.0,1618394.23,1169.02,38.302,2.997,3.032,1,1,0.0,1,1,317.408,623.389,527.284,3.99,CN
4391,0,1,0,0,0,0,0,0,0,0,0,0,0,0,74.4,0,12,0,0,0,7.441332867,1.016180099,0.0,7.0,13.0,26.0,42.0,8.0,2.0,18.18181818,0.0,24.0,1.0,1.222222222,1.0,1.0,1.333333333,1.0,1.102564103,1.25,1.0,1.0,1.0,1.333333333,1.0,1.102564103,25185.0,6580.0,929185.9995,3687.0,16403.0,16921.0,1351632.587,944.571,26.206,2.396,2.529,1,1,0.0,1,1,299.687,525.791,422.872,1.2036,CN
4399,1,0,0,0,0,1,0,0,0,0,0,0,0,1,77.9,1,16,1,0,0,7.186325208,1.031156778,0.0,8.0,10.0,28.0,45.0,6.0,2.0,16.66666667,0.0,28.0,1.25,1.875,1.0,1.0,1.166666667,1.75,1.342105263,1.5,1.555555556,1.0,1.6,2.0,2.0,1.564102564,19809.0,7721.0,968529.7624,3252.0,16288.0,21196.0,1409042.517,991.081,20.072,2.786,2.729,1,1,0.0,1,1,324.815,562.967,400.862,2.0616,CN
4400,1,0,0,1,1,1,0,0,0,0,0,0,0,1,71.1,0,20,0,0,0,6.6361419,1.433525646,0.5,5.0,9.0,30.0,32.0,2.0,2.0,25.0,0.0,26.0,1.75,1.0,1.0,1.0,1.0,2.0,1.256410256,1.5,1.111111111,1.0,1.0,1.0,1.25,1.153846154,19266.0,8496.0,1029841.661,3447.0,17750.0,19445.0,1487239.896,1052.97,19.41,2.746,2.789,1,1,0.0,1,1,315.082,605.396,433.661,0.1248,CN
4401,1,0,0,0,0,0,0,0,0,0,0,1,0,0,67.5,1,20,0,0,0,6.82639446,1.064728083,0.0,4.0,5.0,30.0,64.0,6.0,2.0,13.33333333,0.0,29.0,1.125,1.0,1.0,1.0,1.0,1.0,1.025641026,1.125,1.0,1.0,1.0,1.0,1.0,1.025641026,19925.0,7868.0,1122502.699,3905.0,19216.0,25453.0,1469075.909,1130.91,20.594,3.014,2.956,1,1,0.0,1,1,292.054,589.505,518.998,0.3816,CN
4410,0,0,0,1,0,0,0,1,0,1,1,0,0,0,69.1,1,14,0,0,2,6.251780788,0.979829599,0.0,3.0,5.0,29.0,52.0,10.0,3.0,20.0,0.0,29.0,1.125,1.222222222,1.0,1.0,1.0,1.0,1.076923077,1.0,1.0,1.0,1.0,1.0,1.0,1.0,14561.0,6601.0,964139.9088,3205.0,18123.0,18482.0,1305677.51,977.179,15.263,2.617,2.221,1,1,0.0,1,1,251.87,512.544,451.591,1.338,CN
4421,0,0,1,0,0,0,0,0,0,0,0,0,1,0,75.1,1,14,0,0,0,6.366764855,0.9626406,0.0,3.0,5.0,26.0,49.0,7.0,7.0,53.84615385,0.0,23.0,2.875,2.333333333,1.428571429,1.8,1.5,2.0,2.051282051,1.625,1.444444444,1.857142857,1.6,1.333333333,1.75,1.58974359,26430.0,7393.0,1123336.974,5554.0,20945.0,20070.0,1502708.891,1136.23,27.867,2.614,2.732,1,1,0.0,1,1,320.429,615.267,524.249,3.69215,CN
4422,0,0,0,0,0,1,0,0,0,0,0,1,0,0,70.8,1,15,0,0,0,7.227656136,1.205776006,0.5,2.0,4.0,29.0,51.0,8.0,8.0,66.66666667,0.0,28.0,1.75,1.444444444,1.285714286,1.2,1.0,1.25,1.358974359,1.25,1.111111111,1.285714286,1.0,1.0,1.0,1.128205128,28775.0,7971.0,1053943.574,4082.0,19110.0,20260.0,1313224.441,1042.96,29.665,2.923,2.801,1,1,0.0,1,1,306.933,604.626,464.257,5.56484,CN
4424,1,0,0,0,0,0,1,0,0,0,0,0,0,0,66.2,1,12,0,0,0,6.44984718,1.094974936,0.0,5.0,8.0,26.0,40.0,4.0,7.0,70.0,0.0,23.0,2.25,2.888888889,2.285714286,1.8,2.333333333,3.5,2.487179487,1.375,1.666666667,1.142857143,1.2,1.333333333,2.0,1.435897436,7753.0,7463.0,935414.5094,3807.0,19445.0,20601.0,1216610.023,937.76,7.574,2.532,2.6,1,1,0.0,1,1,212.428,531.246,419.76,0.318,CN
4427,0,1,0,0,0,0,0,0,0,0,0,1,0,0,71.3,0,12,0,2,2,6.774165786,1.005755021,0.0,9.0,14.0,30.0,43.0,8.0,-1.0,-9.090909091,0.0,28.0,1.5,1.222222222,1.0,1.0,1.5,1.5,1.282051282,1.0,1.0,1.0,1.0,1.0,1.0,1.0,46114.0,8929.0,1236770.611,4026.0,21557.0,21486.0,1717712.136,1249.48,48.634,3.006,2.772,1,1,0.0,1,1,314.834,644.014,596.878,2.94,CN
4428,0,0,0,0,0,0,0,0,1,0,0,0,0,1,72.6,0,18,0,0,2,6.000224838,1.076557201,0.0,10.0,12.0,29.0,39.0,10.0,3.0,23.07692308,0.0,26.0,1.375,1.333333333,1.0,1.0,1.5,1.5,1.282051282,1.0,1.0,1.0,1.0,1.0,1.0,1.0,27567.0,7111.0,1164191.639,4321.0,23001.0,23310.0,1646912.154,1164.56,28.983,2.719,2.557,1,1,0.0,1,1,328.598,627.07,542.534,1.8768,CN
4429,0,0,0,0,0,0,0,0,0,0,1,0,0,0,77.0,0,14,0,0,1,6.925023751,1.198420574,0.0,6.0,9.0,30.0,44.0,7.0,7.0,58.33333333,0.0,28.0,1.625,1.666666667,1.0,1.4,1.166666667,1.5,1.41025641,1.375,1.0,1.0,1.0,1.0,1.0,1.076923077,40789.0,7812.0,1111692.527,4563.0,21882.0,22623.0,1600654.446,1137.6,41.585,3.111,2.905,0,0,1.0,4,0,338.279,623.941,510.762,5.1816,CN
4441,0,0,0,0,0,0,0,1,1,0,0,1,0,0,68.7,1,16,0,2,0,6.764828626,1.112589215,0.0,2.0,3.0,30.0,55.0,3.0,4.0,33.33333333,0.0,26.0,1.0,1.0,1.0,1.0,1.0,1.25,1.025641026,1.0,1.0,1.0,1.0,1.0,1.0,1.0,15636.0,9253.0,1127353.657,4228.0,20478.0,22594.0,1492713.643,1117.49,16.851,3.075,3.021,1,1,0.0,1,1,307.2,630.116,513.691,4.47193,CN
4446,0,1,1,0,0,1,0,0,0,1,0,0,0,0,68.4,1,15,0,0,0,6.68191407,1.049384368,0.0,7.0,11.0,30.0,48.0,5.0,4.0,33.33333333,0.0,24.0,1.0,1.0,1.0,1.0,1.0,1.0,1.0,1.125,1.0,1.0,1.0,1.166666667,1.0,1.051282051,15734.0,7330.0,991573.6505,4236.0,22138.0,19106.0,1404981.135,1021.09,16.381,2.946,2.783,1,1,0.0,1,1,291.304,570.99,452.71,2.2476,CN
4448,0,1,0,0,0,0,0,0,1,0,0,0,0,0,63.8,1,16,0,0,2,6.431480129,1.081406509,0.0,5.0,8.0,29.0,45.0,4.0,5.0,50.0,0.0,26.0,2.375,2.333333333,1.8,1.4,2.833333333,2.25,2.216216216,1.0,1.222222222,1.0,1.0,1.0,1.0,1.051282051,13346.0,8270.0,1050742.796,4332.0,19447.0,22409.0,1420856.285,1066.89,13.973,2.978,2.879,1,1,0.0,1,1,290.483,599.792,470.543,0.8796,CN
4449,0,0,0,0,0,0,0,0,0,0,0,0,0,0,66.9,1,12,0,0,2,6.26322981,1.103485278,0.0,11.0,16.0,28.0,36.0,5.0,2.0,20.0,0.0,26.0,1.5,1.5,1.333333333,1.8,2.0,2.0,1.648648649,1.0,1.0,1.0,1.0,1.0,1.0,1.0,33814.0,8690.0,1221765.361,3256.0,17907.0,20821.0,1795525.834,1260.52,35.659,3.214,3.224,1,1,0.0,1,1,388.954,638.546,532.886,35.454,CN
4449,0,0,0,0,0,0,0,0,0,0,0,0,0,0,66.9,1,12,0,0,2,6.26322981,1.103485278,0.0,11.0,16.0,28.0,36.0,5.0,2.0,20.0,0.0,26.0,1.5,1.5,1.333333333,1.8,2.0,2.0,1.648648649,1.0,1.0,1.0,1.0,1.0,1.0,1.0,33814.0,8690.0,1221765.361,3256.0,17907.0,20821.0,1795525.834,1260.52,35.659,3.214,3.224,1,1,0.0,1,1,388.954,638.546,532.886,35.454,CN
4453,0,0,0,0,1,0,0,0,1,0,0,0,1,0,65.9,0,16,0,0,2,6.781372522,0.988420272,0.0,7.0,7.0,29.0,49.0,6.0,3.0,23.07692308,0.0,26.0,1.125,1.111111111,1.0,1.0,1.0,1.0,1.051282051,1.0,1.0,1.0,1.0,1.0,1.0,1.0,33538.0,7714.0,1086354.798,4609.0,20909.0,19304.0,1570262.186,1095.08,34.723,2.978,2.807,1,1,0.0,1,1,361.698,632.893,499.96,1.7124,CN
4464,1,0,0,0,0,0,0,0,1,1,0,0,0,0,70.4,0,16,0,0,0,6.878495394,1.059613202,0.0,3.0,5.0,30.0,59.0,9.0,1.0,6.666666667,0.0,29.0,1.5,1.0,1.0,1.0,1.0,1.0,1.102564103,1.125,1.0,1.0,1.0,1.0,2.0,1.128205128,23574.0,8801.0,1091261.291,3847.0,20922.0,24156.0,1531976.873,1110.08,24.71,3.264,3.135,1,1,0.0,1,1,325.658,632.206,495.648,1.188,CN
4466,0,0,0,0,0,1,0,0,0,0,0,0,0,0,79.8,0,16,0,0,0,6.131884024,0.915980042,0.0,3.0,6.0,30.0,51.0,3.0,0.0,0.0,0.0,20.0,1.375,1.111111111,1.142857143,1.0,1.0,1.25,1.153846154,1.0,1.0,1.0,1.0,1.0,1.0,1.0,51434.0,6950.0,1053705.945,3324.0,16662.0,21382.0,1507209.47,1073.02,52.176,2.99,2.779,0,0,1.0,3,0,386.07,611.304,471.776,2.334,CN
4474,0,0,0,0,0,1,0,1,0,0,1,1,0,0,85.6,0,18,0,0,0,5.854589904,1.283061429,0.0,6.0,10.0,28.0,27.0,3.0,3.0,42.85714286,1.0,23.0,1.75,1.555555556,1.285714286,1.0,1.833333333,2.0,1.564102564,1.142857143,1.111111111,1.0,1.0,3.0,2.5,1.486486486,77002.0,6951.0,1086902.834,3719.0,14094.0,18908.0,1761427.153,1088.21,78.143,2.83,2.593,1,1,0.0,1,1,456.803,609.719,455.124,9.054,CN
4483,0,1,0,1,1,0,0,0,1,0,0,0,0,0,69.5,1,15,0,0,0,7.152320591,0.950615314,0.0,2.0,5.0,30.0,43.0,6.0,2.0,16.66666667,1.0,25.0,1.75,1.777777778,1.0,1.6,2.166666667,2.0,1.692307692,1.375,1.111111111,1.142857143,1.4,3.0,1.25,1.473684211,27858.0,7892.0,1005731.926,3483.0,17249.0,18724.0,1381564.827,1035.25,29.542,2.771,2.806,1,1,0.0,1,1,281.537,511.337,486.684,1.8708,CN
4485,0,0,0,1,0,0,0,0,0,0,0,0,1,0,73.3,0,17,0,0,0,7.122177767,1.042623571,0.0,9.0,15.0,26.0,56.0,8.0,3.0,21.42857143,0.0,26.0,1.625,1.666666667,1.0,1.4,1.5,1.5,1.461538462,1.25,1.0,1.0,1.0,1.5,1.0,1.128205128,32583.0,8901.0,1181917.17,4128.0,20176.0,22910.0,1693022.282,1232.67,33.339,3.305,3.147,1,1,0.0,1,1,387.126,625.945,563.342,13.2363,CN
4485,0,0,0,1,0,0,0,0,0,0,0,0,1,0,73.3,0,17,0,0,0,7.122177767,1.042623571,0.0,9.0,15.0,26.0,56.0,8.0,3.0,21.42857143,0.0,26.0,1.625,1.666666667,1.0,1.4,1.5,1.5,1.461538462,1.25,1.0,1.0,1.0,1.5,1.0,1.128205128,32583.0,8901.0,1181917.17,4128.0,20176.0,22910.0,1693022.282,1232.67,33.339,3.305,3.147,1,1,0.0,1,1,387.126,625.945,563.342,13.2363,CN
4491,0,0,0,0,1,1,1,0,0,0,1,0,0,0,84.1,0,19,0,0,0,6.274545497,0.927002704,0.0,9.0,12.0,30.0,62.0,6.0,5.0,33.33333333,0.0,23.0,1.125,1.333333333,1.0,1.0,1.0,1.0,1.102564103,1.125,1.0,1.0,1.0,1.0,1.0,1.026315789,39455.0,6892.0,963134.7332,3691.0,18256.0,20075.0,1468979.244,978.221,39.771,2.965,2.689,1,1,0.0,1,1,383.017,613.354,417.727,1.35,CN
4496,1,0,0,0,0,1,0,0,0,1,0,0,0,0,76.1,1,16,0,0,0,7.34368622,1.00189345,0.0,4.0,6.0,30.0,40.0,6.0,4.0,44.44444444,0.0,25.0,1.25,1.25,1.142857143,1.2,1.0,1.25,1.184210526,1.375,1.111111111,1.285714286,1.0,1.0,1.0,1.153846154,44614.0,7625.0,977341.1581,3267.0,17014.0,18749.0,1571181.453,997.453,45.401,2.765,2.7,1,1,0.0,1,1,405.277,589.902,406.948,0.3036,CN
4505,0,0,0,1,0,0,1,0,0,0,0,0,0,1,80.4,1,20,0,0,1,6.581106947,1.051223498,0.0,4.0,7.0,29.0,53.0,7.0,2.0,14.28571429,1.0,27.0,2.125,1.444444444,1.0,1.2,1.166666667,2.0,1.487179487,1.625,1.444444444,1.428571429,1.6,1.0,2.0,1.487179487,35263.0,6234.0,887141.1896,3238.0,14671.0,18568.0,1349338.358,903.221,36.394,2.438,2.519,1,1,0.0,1,1,338.416,534.673,397.286,1.8564,CN
4516,0,0,0,0,0,0,0,1,0,0,1,0,0,0,71.4,0,20,0,0,0,7.310270499,1.00806656,0.0,9.0,12.0,28.0,34.0,6.0,9.0,100.0,0.0,27.0,1.125,1.222222222,1.0,1.0,1.0,1.0,1.076923077,1.0,1.111111111,1.0,1.0,1.0,1.0,1.025641026,31848.0,7944.0,1125004.366,4133.0,23857.0,23995.0,1527936.446,1119.28,32.362,2.946,3.066,1,1,0.0,1,1,365.996,625.298,487.543,5.14897,CN
2191,0,1,0,1,1,1,1,1,1,0,1,1,0,0,66.7,1,18,0,0,0,6.388615063,1.042369822,0.5,6.0,8.0,30.0,55.0,5.0,2.0,15.38461538,0.0,29.0,3.125,2.333333333,1.571428571,1.2,1.666666667,3.75,2.256410256,2.125,3.111111111,1.571428571,1.0,1.0,2.5,1.974358974,17897.0,7962.0,1172279.178,4620.0,22679.0,22502.0,1595595.338,1201.06,18.406,3.016,2.808,1,1,0.0,1,1,291.778,609.904,563.324,1.5864,EMCI
2201,0,1,1,1,1,1,1,1,0,1,1,1,1,1,63.7,1,18,0,1,0,7.109102275,0.980136674,0.5,1.0,2.0,30.0,59.0,6.0,0.0,0.0,0.0,27.0,3.0,2.333333333,1.285714286,1.8,2.8,2.5,2.289473684,1.875,1.0,1.0,1.0,1.5,1.5,1.307692308,29641.0,7950.0,1021917.305,3444.0,18717.0,20148.0,1387664.381,1043.83,30.878,2.739,2.753,1,1,0.0,1,1,294.022,565.947,454.28,3.09062,EMCI
2210,0,0,1,0,1,1,0,0,1,0,1,0,1,0,79.8,1,12,0,0,0,5.801303104,1.134699562,1.0,10.0,18.0,30.0,37.0,3.0,7.0,100.0,1.0,26.0,3.375,2.0,1.285714286,1.0,1.5,2.25,1.974358974,2.875,1.375,1.428571429,2.25,2.666666667,2.5,2.135135135,70867.0,4764.0,992892.4433,2794.0,18592.0,18003.0,1611141.731,1015.64,70.989,2.205,2.052,1,1,0.0,1,1,336.139,577.782,403.639,26.1516,EMCI
2216,1,1,1,1,0,1,1,1,1,1,1,0,1,1,68.1,0,14,0,0,0,5.303833405,1.321110612,1.5,10.0,16.0,27.0,34.0,4.0,3.0,30.0,3.0,22.0,2.125,2.333333333,1.142857143,1.6,1.0,1.75,1.717948718,2.0,2.111111111,1.142857143,1.25,1.0,1.0,1.540540541,57111.0,7074.0,1272723.606,4790.0,18251.0,20814.0,1742595.026,1268.19,58.477,3.025,3.116,1,1,0.0,1,1,361.824,662.393,619.63,12.7969,EMCI
2225,0,1,1,0,1,1,1,1,1,1,0,1,0,1,70.4,0,20,0,0,0,6.72870789,1.238569168,0.5,5.0,9.0,30.0,36.0,5.0,4.0,36.36363636,0.0,28.0,2.25,2.0,1.285714286,1.6,2.0,2.0,1.871794872,1.25,1.333333333,1.571428571,1.2,1.5,1.0,1.333333333,20415.0,8804.0,1200960.45,4187.0,18935.0,26239.0,1644231.904,1224.76,21.157,3.405,3.104,1,1,0.0,1,1,294.307,647.35,549.608,2.4432,EMCI
2264,1,1,0,0,0,1,1,0,1,1,1,1,1,1,69.3,0,18,0,0,4,6.501248767,1.320017324,0.5,11.0,15.0,30.0,25.0,2.0,3.0,60.0,0.0,23.0,1.125,1.222222222,1.0,1.6,1.5,1.75,1.307692308,1.0,1.444444444,1.0,1.0,1.0,1.0,1.102564103,38189.0,8305.0,1201211.589,4785.0,20378.0,23450.0,1650911.677,1204.39,39.717,3.369,3.032,1,1,0.0,1,1,332.711,663.655,543.022,10.7892,EMCI
2278,1,1,1,1,0,0,0,1,1,1,1,0,1,1,56.0,0,16,0,2,2,6.382016135,0.994391946,3.0,7.0,11.0,29.0,49.0,6.0,2.0,16.66666667,0.0,24.0,1.75,1.0,1.285714286,1.2,1.0,1.0,1.230769231,2.0,1.0,1.0,1.2,1.0,1.0,1.230769231,16372.0,8559.0,963972.8684,3233.0,16541.0,20392.0,1276599.445,957.522,17.67,3.056,2.802,1,1,0.0,1,1,264.09,524.722,439.616,1.13995,EMCI
2301,0,1,1,1,1,0,1,1,1,1,0,1,1,1,65.7,0,19,0,0,0,6.912026791,1.118580784,0.5,4.0,7.0,30.0,41.0,4.0,3.0,30.0,1.0,25.0,1.714285714,1.0,1.0,1.0,1.0,1.0,1.135135135,2.0,1.444444444,1.0,1.0,1.2,1.75,1.421052632,13838.0,9292.0,1127033.04,3842.0,20002.0,21767.0,1573205.243,1163.44,14.42,3.18,3.244,1,1,0.0,1,1,294.481,570.121,527.299,0.186,EMCI
2307,0,1,1,1,1,0,0,0,1,1,0,0,0,0,78.6,1,18,0,0,0,6.605237156,1.070562089,1.5,9.0,19.0,30.0,40.0,6.0,9.0,90.0,1.0,24.0,1.5,1.444444444,1.0,1.2,1.666666667,1.25,1.358974359,2.875,1.625,1.428571429,1.2,1.833333333,2.5,1.921052632,52877.0,5941.0,1051621.329,3278.0,16249.0,18784.0,1543738.856,1056.47,53.639,2.501,2.408,1,1,0.0,1,1,340.724,557.78,460.254,22.5216,EMCI
2315,0,1,1,1,1,1,1,1,1,1,0,1,0,1,68.2,1,13,0,0,0,6.400133543,1.03591172,1.0,5.0,11.0,29.0,43.0,7.0,2.0,18.18181818,0.0,20.0,2.875,2.777777778,1.142857143,1.4,2.0,3.0,2.243243243,1.125,2.111111111,1.0,1.4,2.0,2.0,1.58974359,29988.0,7821.0,938754.4671,4180.0,15449.0,19266.0,1343189.278,968.22,29.971,2.807,2.737,1,1,0.0,1,1,265.358,494.506,424.776,3.0012,EMCI
2316,1,1,1,0,0,1,1,0,1,1,1,0,1,1,74.3,1,12,0,0,1,5.066549106,1.451134846,1.5,16.0,28.0,28.0,26.0,4.0,8.0,100.0,4.0,18.0,2.5,1.666666667,1.0,1.2,1.5,1.25,1.594594595,1.75,1.0,1.0,1.0,1.5,1.0,1.230769231,29724.0,6693.0,1064566.046,3196.0,18217.0,17351.0,1533428.191,1078.54,31.031,2.701,2.427,1,1,0.0,1,1,321.245,560.821,487.675,14.3016,EMCI
2324,1,0,1,0,0,1,1,1,1,0,0,1,1,1,56.3,1,13,1,4,2,6.587267206,0.98297185,1.0,10.0,13.0,29.0,53.0,7.0,4.0,30.76923077,0.0,21.0,1.875,1.333333333,1.0,1.0,1.0,2.0,1.368421053,1.125,1.0,1.142857143,1.4,1.166666667,1.25,1.153846154,11678.0,7660.0,958873.3868,3695.0,18699.0,17928.0,1326483.734,982.001,11.662,2.632,2.547,0,0,1.0,2,0,267.222,509.737,431.35,2.5644,EMCI
2333,1,1,1,1,1,0,0,1,1,0,0,1,1,1,67.0,0,12,0,0,1,6.401495379,1.281523209,0.5,9.0,15.0,28.0,28.0,2.0,0.0,0.0,0.0,24.0,3.125,3.111111111,3.0,3.0,2.333333333,2.5,2.897435897,1.875,1.0,1.0,1.2,1.0,1.25,1.236842105,30502.0,6985.0,1080334.267,4749.0,19641.0,18292.0,1440176.014,1076.59,32.058,2.555,2.279,1,1,0.0,1,1,285.498,549.863,498.017,3.7404,EMCI
2336,1,1,1,1,1,1,0,1,1,1,1,0,1,1,72.9,1,12,0,0,0,5.942684503,1.413519814,1.0,5.0,9.0,30.0,46.0,7.0,2.0,18.18181818,2.0,24.0,1.625,1.444444444,1.142857143,1.0,1.5,1.0,1.333333333,1.875,1.555555556,1.285714286,1.2,2.5,2.5,1.769230769,27456.0,7000.0,864414.0584,3952.0,15911.0,15686.0,1192598.543,875.721,27.965,2.507,2.41,1,1,0.0,1,1,258.899,466.995,392.116,1.17213,EMCI
2357,0,0,1,1,0,1,1,1,0,1,1,0,0,0,71.6,0,12,0,0,0,6.407765607,1.029711342,0.5,3.0,5.0,29.0,40.0,4.0,2.0,25.0,1.0,27.0,1.5,1.444444444,1.0,1.4,1.0,2.0,1.358974359,1.375,1.111111111,1.0,1.0,1.0,1.25,1.128205128,40649.0,7741.0,1254829.85,4133.0,20778.0,24238.0,1815672.789,1258.3,40.572,2.932,2.769,1,1,0.0,1,1,395.056,665.251,541.374,34.7172,EMCI
2360,1,1,1,1,0,0,0,1,1,1,1,0,0,0,63.0,0,15,0,0,3,6.586849407,1.065267968,1.0,8.0,11.0,30.0,32.0,7.0,4.0,44.44444444,3.0,20.0,2.625,2.111111111,1.0,1.6,1.166666667,1.0,1.692307692,2.5,1.375,1.166666667,1.4,2.0,2.25,1.777777778,9897.0,7868.0,1117318.1,3306.0,20961.0,18006.0,1380642.495,1118.26,10.335,2.917,3.02,1,1,0.0,1,1,281.127,613.056,520.085,3.49288,EMCI
2363,0,0,1,1,0,1,1,0,1,0,1,1,1,1,58.8,0,13,0,0,0,6.123254305,0.961084561,2.5,6.0,11.0,28.0,36.0,6.0,7.0,77.77777778,6.0,25.0,1.625,1.888888889,1.285714286,1.6,1.333333333,2.0,1.615384615,2.625,1.444444444,1.285714286,2.0,3.0,3.0,2.128205128,7589.0,9822.0,1308354.702,4358.0,21308.0,23155.0,1640645.863,1313.18,7.857,3.653,3.717,1,1,0.0,1,1,252.27,642.799,628.082,2.0196,EMCI
2378,1,1,0,1,1,1,0,1,0,0,0,1,1,0,59.9,0,19,0,0,0,7.262861057,1.056709483,0.5,7.0,12.0,30.0,43.0,6.0,4.0,36.36363636,1.0,26.0,1.875,1.444444444,1.0,1.2,1.166666667,2.0,1.435897436,1.5,1.222222222,1.0,1.0,1.5,1.5,1.282051282,29613.0,8957.0,1283085.96,3965.0,25930.0,26195.0,1690219.171,1289.66,31.003,3.237,3.103,1,1,0.0,1,1,304.956,688.456,575.552,1.6056,EMCI
2379,0,0,1,1,0,1,0,0,0,0,1,0,1,0,66.0,0,18,1,1,0,6.107922782,1.070731395,1.5,4.0,7.0,30.0,33.0,4.0,5.0,62.5,2.0,25.0,2.5,2.222222222,1.0,1.4,1.0,1.75,1.717948718,2.0,1.777777778,1.142857143,1.0,1.0,2.0,1.5,21001.0,9929.0,1189792.691,3663.0,23011.0,22468.0,1707432.642,1237.27,22.507,3.543,3.674,1,1,0.0,1,1,283.219,617.42,586.487,2.3112,EMCI
2381,2,0,1,1,0,1,0,0,0,0,1,1,0,0,69.1,0,16,0,0,0,6.35217593,1.354197967,2.5,9.0,15.0,28.0,34.0,7.0,4.0,40.0,3.0,23.0,3.375,2.222222222,2.142857143,2.4,2.333333333,2.5,2.512820513,3.5,1.555555556,1.285714286,1.8,2.5,3.25,2.243243243,31394.0,5834.0,1168454.642,3341.0,21353.0,23225.0,1653489.285,1201.15,32.354,2.444,2.517,1,1,0.0,1,1,353.804,641.28,548.994,2.8212,EMCI
2389,0,0,1,1,0,0,0,1,0,0,0,1,1,0,57.8,1,15,1,4,0,7.797149731,0.926754348,1.0,3.0,9.0,29.0,43.0,6.0,3.0,27.27272727,2.0,23.0,3.75,3.444444444,2.142857143,3.4,3.333333333,4.0,3.307692308,3.25,1.666666667,1.25,1.6,2.4,2.75,2.2,18641.0,7578.0,1008760.637,3429.0,15852.0,20272.0,1414347.414,1033.25,19.152,2.793,2.73,1,1,0.0,1,1,326.339,567.04,448.135,1.2107,EMCI
2394,2,1,1,1,1,0,1,0,0,1,0,1,1,1,67.4,0,20,0,0,0,7.184526498,1.098623468,0.5,6.0,8.0,30.0,39.0,5.0,6.0,54.54545455,0.0,29.0,1.5,1.0,1.0,1.0,1.0,1.0,1.102564103,1.5,1.0,1.0,1.0,1.0,1.0,1.105263158,50454.0,8092.0,1246542.265,3596.0,21286.0,29292.0,1596589.282,1241.06,51.008,2.951,2.581,2,0,1.0,0,0,387.071,709.657,572.675,7.7841,EMCI
2395,1,1,1,0,0,1,1,1,1,1,0,1,0,1,72.6,0,19,0,0,0,5.851081237,0.916087906,1.5,8.0,11.0,30.0,38.0,3.0,6.0,66.66666667,2.0,27.0,2.125,1.444444444,1.285714286,1.4,1.0,2.0,1.538461538,2.5,1.333333333,1.0,1.2,3.0,3.0,1.923076923,46382.0,7140.0,1117706.989,4633.0,23655.0,24473.0,1535605.425,1122.52,48.325,2.782,3.015,1,1,0.0,1,1,372.627,655.878,478.152,7.16771,EMCI
2398,2,1,1,1,0,0,1,1,0,1,1,1,0,1,71.5,0,13,0,0,0,5.074407637,1.102444829,1.5,9.0,14.0,29.0,39.0,7.0,8.0,72.72727273,2.0,23.0,2.25,1.333333333,1.0,1.0,1.666666667,1.75,1.512820513,2.625,1.333333333,1.714285714,1.0,1.666666667,2.5,1.794871795,54093.0,7207.0,1111743.467,4098.0,19988.0,18579.0,1685684.207,1136.12,55.512,2.788,2.586,1,1,0.0,1,1,350.26,632.931,494.643,0.819591,EMCI
2405,0,1,1,0,1,0,0,1,1,1,1,1,1,0,71.6,1,13,0,5,0,7.341343948,1.021934024,1.0,11.0,17.0,27.0,27.0,2.0,0.0,0.0,0.0,22.0,3.0,2.555555556,2.428571429,2.8,2.166666667,2.75,2.615384615,1.5,1.0,1.0,1.0,1.0,1.5,1.153846154,25077.0,7229.0,973280.1328,3313.0,20435.0,19526.0,1345496.857,971.974,26.503,2.481,2.494,1,1,0.0,1,1,267.554,536.901,433.767,4.73928,EMCI
2407,0,1,1,1,1,1,1,1,1,0,0,1,1,0,68.0,1,16,0,0,2,7.550714074,0.995418123,0.5,12.0,18.0,26.0,35.0,4.0,7.0,77.77777778,0.0,20.0,2.375,1.555555556,1.0,1.4,1.5,1.75,1.615384615,2.142857143,1.111111111,1.0,1.0,1.0,1.0,1.236842105,17644.0,3731.0,919445.4363,2351.0,16426.0,21110.0,1261245.805,934.441,17.124,1.447,1.13,1,1,0.0,1,1,311.449,523.821,413.961,1.40235,EMCI
4005,1,0,0,0,1,0,1,0,1,0,0,1,1,1,70.5,0,16,0,0,0,6.25045447,1.393738811,3.5,6.0,8.0,29.0,26.0,1.0,6.0,100.0,8.0,28.0,2.125,1.0,1.142857143,1.4,1.333333333,1.5,1.41025641,3.0,2.333333333,2.571428571,2.2,2.666666667,2.25,2.538461538,38294.0,7207.0,1181165.406,4405.0,22968.0,22654.0,1768216.31,1209.77,37.467,2.605,2.502,0,0,1.0,3,0,372.845,648.876,517.985,2.2656,EMCI
4007,1,1,1,1,0,0,0,0,0,1,0,1,0,1,78.1,0,20,0,0,0,6.682228397,1.622467806,0.5,9.0,14.0,29.0,40.0,7.0,4.0,36.36363636,1.0,24.0,1.5,1.0,1.142857143,1.0,1.0,1.0,1.128205128,2.625,1.555555556,1.833333333,2.6,1.833333333,2.75,2.131578947,36679.0,7495.0,1029741.162,3522.0,19848.0,19938.0,1426169.775,1032.5,39.054,2.757,2.45,1,1,0.0,1,1,329.983,567.176,482.798,2.5884,EMCI
4024,1,1,1,0,1,1,1,0,1,1,1,1,1,1,55.9,1,16,0,0,0,5.694961861,1.663289166,4.5,19.0,31.0,25.0,27.0,0.0,5.0,100.0,15.0,25.0,2.875,1.333333333,2.285714286,1.0,1.0,1.75,1.789473684,3.75,1.555555556,2.571428571,2.0,3.166666667,3.0,2.641025641,34273.0,6350.0,970061.1114,2814.0,16471.0,17445.0,1445040.208,996.759,35.11,2.161,2.227,1,1,0.0,1,1,313.337,542.462,411.725,0.9216,AD
4029,2,1,1,1,1,1,1,0,1,1,0,0,1,0,61.1,0,20,0,0,0,6.929485117,1.056958405,1.0,7.0,11.0,27.0,45.0,9.0,3.0,23.07692308,0.0,28.0,1.375,1.222222222,1.0,1.0,1.0,1.0,1.128205128,1.0,1.0,1.0,1.0,1.0,1.0,1.0,19852.0,9311.0,1278258.27,5355.0,22895.0,24657.0,1755672.837,1303.72,20.073,3.288,3.136,0,0,1.0,2,0,315.247,659.137,580.325,1.8312,LMCI
4030,1,0,1,1,1,1,1,0,0,1,0,1,1,1,68.3,1,12,0,0,0,5.192002033,1.46221601,1.5,10.0,16.0,25.0,41.0,8.0,12.0,92.30769231,3.0,21.0,2.25,1.444444444,1.0,1.2,1.166666667,1.5,1.461538462,2.0,1.222222222,1.142857143,1.4,1.5,1.75,1.487179487,36764.0,6544.0,1100476.996,2777.0,18446.0,19413.0,1527253.171,1119.87,38.61,2.603,2.593,1,1,0.0,1,1,293.534,559.888,522.844,7.8888,LMCI
4034,2,1,1,1,0,1,1,0,1,1,0,1,0,0,72.1,1,19,0,0,0,4.951325251,1.741161822,2.0,13.0,23.0,24.0,27.0,3.0,4.0,57.14285714,1.0,19.0,2.875,1.444444444,1.333333333,1.0,1.166666667,1.5,1.631578947,2.375,2.222222222,2.0,1.4,1.166666667,1.5,1.864864865,27053.0,4831.0,927093.1159,3025.0,15002.0,17365.0,1374223.385,933.832,27.497,1.931,1.914,1,1,0.0,1,1,288.523,511.952,405.309,6.89978,LMCI
4035,1,1,1,0,0,1,1,1,0,1,0,1,1,0,72.6,1,16,0,0,0,5.502055622,1.504810718,1.0,11.0,20.0,26.0,55.0,9.0,3.0,20.0,2.0,19.0,2.25,1.666666667,1.0,1.0,1.25,1.0,1.5,1.75,2.111111111,1.0,1.2,1.0,1.25,1.461538462,59039.0,7620.0,1002406.015,3232.0,16815.0,20051.0,1461170.512,997.86,60.118,2.937,2.826,1,1,0.0,1,1,350.226,542.957,422.213,18.1464,LMCI
4036,0,1,1,1,0,0,1,0,0,0,1,0,1,1,74.0,0,20,0,0,0,8.08731888,1.015812945,0.5,6.0,9.0,29.0,45.0,6.0,4.0,30.76923077,4.0,26.0,2.375,1.777777778,1.0,1.0,1.666666667,2.5,1.717948718,3.25,1.875,1.142857143,1.75,1.4,1.0,1.861111111,10402.0,8053.0,1051493.587,4251.0,23137.0,19231.0,1453134.309,1074.78,10.862,2.653,2.675,1,1,0.0,1,1,259.948,564.788,472.537,0.7392,EMCI
4042,0,1,1,0,0,1,0,1,1,0,0,1,1,1,57.2,0,18,0,0,0,6.286291551,1.26765215,1.5,11.0,16.0,26.0,26.0,5.0,5.0,62.5,1.0,22.0,1.5,3.111111111,1.0,1.0,1.0,2.25,1.717948718,2.25,3.0,1.0,1.0,1.0,1.75,1.837837838,10842.0,8449.0,997441.4377,4104.0,15128.0,17713.0,1386743.186,1026.37,9.726,2.996,2.942,1,1,0.0,1,1,296.302,522.745,446.057,0.5676,LMCI
4051,0,1,1,1,1,1,1,0,0,1,1,1,1,1,70.6,0,16,0,0,0,6.255334469,1.074603175,0.5,7.0,12.0,29.0,28.0,0.0,1.0,20.0,0.0,21.0,1.0,1.0,1.142857143,1.0,1.5,1.25,1.128205128,1.0,1.0,1.0,1.0,1.0,1.0,1.0,43966.0,8494.0,1278840.447,4830.0,24315.0,26724.0,1651541.68,1271.62,44.765,3.154,3.09,1,1,0.0,1,1,332.66,671.98,608.194,7.5252,EMCI
4054,0,1,1,0,0,0,0,1,0,1,0,1,1,1,68.3,1,19,0,0,0,6.84520338,1.191085632,0.5,13.0,15.0,29.0,53.0,8.0,0.0,0.0,2.0,27.0,3.25,2.0,1.428571429,1.6,1.8,1.75,2.052631579,1.625,1.571428571,1.333333333,1.5,1.2,1.75,1.5,16989.0,7976.0,1035481.382,3637.0,17919.0,20241.0,1449128.64,1040.41,16.938,2.857,2.841,2,0,1.0,2,0,236.71,562.403,448.734,11.0124,EMCI
4057,1,1,1,1,0,0,0,1,0,0,1,1,1,1,81.1,0,16,0,0,0,5.523512398,1.592093293,4.0,18.0,32.0,26.0,18.0,4.0,6.0,100.0,0.0,22.0,1.75,1.777777778,1.0,1.6,1.5,2.0,1.58974359,2.375,3.0,1.428571429,1.0,1.666666667,3.0,2.128205128,30508.0,6850.0,1099898.1,2659.0,17406.0,17566.0,1616343.707,1112.29,31.679,3.071,2.622,1,1,0.0,1,1,334.216,588.865,510.923,3.2964,LMCI
4058,1,1,1,0,1,1,0,1,1,1,1,1,1,0,84.6,1,16,0,0,1,5.860055572,1.32797216,1.5,15.0,27.0,29.0,27.0,4.0,6.0,85.71428571,1.0,20.0,2.125,1.888888889,1.0,1.0,1.0,1.25,1.461538462,1.375,1.222222222,1.0,1.0,1.333333333,1.25,1.205128205,27036.0,6259.0,921513.0165,2570.0,15340.0,15598.0,1364694.637,937.899,28.255,2.369,2.216,2,0,1.0,2,0,270.452,514.234,412.85,4.6848,LMCI
4061,1,1,0,1,1,0,1,0,1,1,1,1,1,0,64.1,1,16,0,0,2,7.210319497,1.13211167,1.0,5.0,9.0,29.0,56.0,8.0,5.0,35.71428571,0.0,26.0,3.25,2.111111111,1.0,1.0,1.0,2.0,1.820512821,1.5,1.375,1.0,1.0,1.0,1.5,1.236842105,20212.0,6510.0,1009503.954,3161.0,18475.0,22938.0,1394560.716,1034.52,20.702,2.105,2.228,1,1,0.0,1,1,233.789,562.886,452.564,1.0836,LMCI
4063,0,1,1,1,1,1,1,1,1,1,1,1,0,0,59.2,1,13,0,0,0,6.304355388,0.995403518,1.5,7.0,7.0,30.0,55.0,8.0,0.0,0.0,0.0,25.0,1.375,1.222222222,1.0,1.2,1.0,1.0,1.153846154,1.375,1.555555556,1.0,1.6,1.166666667,1.5,1.358974359,6621.0,7122.0,921958.3688,3185.0,16579.0,16494.0,1170817.529,934.874,6.716,2.413,2.273,1,1,0.0,1,1,227.8,519.356,418.208,0.504569,EMCI
4067,0,1,0,1,0,1,0,1,0,1,0,0,0,0,65.0,0,16,0,0,0,6.574362954,1.437982646,2.0,5.0,11.0,29.0,32.0,5.0,5.0,55.55555556,0.0,25.0,1.625,1.111111111,1.0,1.0,1.166666667,1.25,1.205128205,1.625,1.555555556,1.0,1.0,2.0,1.75,1.473684211,22549.0,8309.0,1091567.08,3986.0,18904.0,19846.0,1506795.613,1112.25,23.072,3.244,3.26,1,1,0.0,1,1,238.422,575.89,477.847,57.9912,EMCI
4072,0,1,1,1,0,1,1,0,1,0,1,1,1,0,62.3,1,16,0,0,2,6.94321639,0.950659782,1.0,6.0,7.0,29.0,51.0,3.0,0.0,0.0,0.0,26.0,1.25,1.111111111,1.0,1.0,1.0,1.75,1.153846154,1.125,1.111111111,1.285714286,1.0,1.0,1.75,1.184210526,20590.0,9185.0,1235947.893,4308.0,20184.0,19815.0,1685849.758,1248.74,21.203,3.836,3.543,1,1,0.0,1,1,322.95,623.968,597.775,1.5012,EMCI
4073,0,1,1,1,0,0,0,1,0,0,1,1,1,0,76.2,0,11,0,0,0,6.468412887,1.337666236,0.5,12.0,17.0,28.0,29.0,3.0,4.0,57.14285714,5.0,23.0,3.0,2.888888889,1.285714286,2.2,1.333333333,2.75,2.282051282,2.625,2.111111111,1.0,2.0,1.333333333,2.5,1.972972973,37949.0,7352.0,993736.9066,2962.0,14996.0,20437.0,1310037.698,991.272,37.974,2.853,2.429,1,1,0.0,1,1,314.614,559.693,417.138,4.86827,EMCI
4077,0,0,1,1,0,0,1,1,0,1,0,1,1,0,75.4,0,18,0,0,1,6.466623546,0.964423774,1.0,14.0,23.0,28.0,30.0,2.0,4.0,57.14285714,1.0,25.0,2.125,1.222222222,1.142857143,1.0,1.333333333,1.25,1.384615385,1.875,1.555555556,1.0,1.75,1.166666667,1.25,1.447368421,64325.0,6896.0,1217984.413,3746.0,21003.0,24273.0,1826493.189,1232.88,66.027,2.545,2.473,1,1,0.0,1,1,404.747,684.599,567.281,4.1028,LMCI
4079,1,1,1,0,1,1,1,1,1,1,0,0,1,0,64.5,1,20,0,0,2,5.502128872,1.479220125,2.5,19.0,28.0,25.0,18.0,1.0,2.0,100.0,3.0,21.0,2.0,1.666666667,1.142857143,1.0,1.166666667,1.0,1.41025641,2.0,2.0,1.285714286,1.8,1.6,1.666666667,1.75,19316.0,5799.0,1030235.991,2698.0,14239.0,16494.0,1456175.376,1041.4,20.279,2.296,1.877,1,1,0.0,1,1,312.782,570.469,461.719,2.7444,LMCI
4094,0,1,1,1,1,1,1,1,1,1,0,0,0,0,60.0,1,12,0,0,0,6.617824843,1.054698939,3.5,16.0,22.0,26.0,25.0,2.0,3.0,42.85714286,7.0,15.0,3.5,3.0,2.857142857,3.0,3.5,4.0,3.256410256,3.0,2.222222222,1.714285714,2.0,2.0,2.0,2.205128205,14639.0,6935.0,844743.2314,2864.0,14660.0,19363.0,1174863.231,863.308,14.361,2.386,2.38,1,1,0.0,1,1,251.327,480.118,362.686,0.2304,LMCI
4102,0,0,0,1,1,1,1,1,1,1,1,1,1,1,66.9,1,14,0,0,0,6.239689022,0.978577388,2.0,23.0,29.0,30.0,30.0,3.0,3.0,42.85714286,5.0,18.0,1.625,1.555555556,1.0,1.2,1.0,1.25,1.307692308,1.875,2.444444444,1.428571429,1.4,1.166666667,2.25,1.794871795,65493.0,5491.0,1003545.856,2186.0,15840.0,12213.0,1523381.572,1024.09,66.32,2.152,2.428,1,1,0.0,1,1,350.004,548.537,463.734,4.37827,EMCI
4114,1,1,1,0,1,0,1,1,0,1,0,1,1,1,55.0,1,14,0,0,0,7.336558956,1.232504836,1.0,12.0,17.0,28.0,37.0,4.0,8.0,88.88888889,1.0,24.0,4.0,2.555555556,2.0,2.0,3.2,3.0,2.815789474,3.75,3.111111111,2.142857143,2.2,2.833333333,3.0,2.897435897,21876.0,7676.0,1072221.64,3791.0,16525.0,22760.0,1453743.032,1086.59,22.815,2.799,2.956,1,1,0.0,1,1,276.619,572.717,503.332,0.2184,LMCI
4115,0,1,1,1,1,0,1,1,0,1,1,1,1,1,67.4,0,18,0,0,0,6.463532088,0.987042683,1.0,7.0,15.0,29.0,40.0,3.0,6.0,75.0,0.0,25.0,2.25,1.888888889,1.142857143,1.4,1.666666667,3.0,1.846153846,2.375,1.888888889,1.285714286,1.4,1.333333333,2.25,1.769230769,24517.0,9217.0,1145403.403,4627.0,20077.0,23331.0,1602619.908,1155.66,25.609,3.266,3.44,1,1,0.0,1,1,293.996,638.243,505.393,2.9292,LMCI
4122,0,1,1,0,0,1,1,1,1,1,0,0,0,1,66.9,0,17,0,0,0,7.18926295,0.975470958,1.5,11.0,18.0,30.0,35.0,3.0,2.0,25.0,3.0,25.0,1.625,1.75,1.0,1.0,1.0,1.0,1.289473684,2.125,1.666666667,1.333333333,2.2,1.166666667,1.0,1.631578947,33693.0,7521.0,1227553.015,5024.0,29950.0,19390.0,1780728.002,1245.09,35.158,2.962,2.634,1,1,0.0,1,1,361.004,701.603,543.637,2.40805,LMCI
4127,0,1,0,1,1,1,0,1,1,1,1,0,0,1,63.1,1,16,0,0,0,7.098869741,1.046392694,0.5,4.0,8.0,30.0,55.0,8.0,2.0,14.28571429,5.0,26.0,1.875,1.555555556,1.142857143,1.0,1.5,1.75,1.487179487,1.75,2.0,1.285714286,1.333333333,1.4,1.5,1.611111111,25249.0,8060.0,989599.5638,3213.0,16658.0,21216.0,1329319.502,998.957,26.458,2.984,2.817,1,1,0.0,1,1,242.106,549.643,441.168,0.222918,EMCI
4128,1,1,1,0,0,1,0,1,1,0,1,1,1,1,72.8,1,12,0,0,0,6.069938585,1.222124174,0.5,9.0,12.0,24.0,30.0,3.0,4.0,57.14285714,0.0,21.0,2.25,3.0,2.0,1.4,1.333333333,2.25,2.128205128,1.25,1.666666667,1.285714286,1.0,1.166666667,1.0,1.282051282,44859.0,6503.0,970132.5166,3371.0,17480.0,21477.0,1526825.524,1002.43,45.867,2.259,2.313,1,1,0.0,1,1,325.354,522.216,441.292,1.57644,EMCI
4131,1,1,0,1,1,1,0,0,0,1,0,0,0,0,82.4,0,18,0,0,2,5.328943233,1.418079351,3.5,25.0,33.0,24.0,23.0,1.0,2.0,40.0,6.0,18.0,1.75,1.444444444,1.571428571,1.4,1.666666667,1.75,1.58974359,1.875,1.444444444,1.0,1.0,2.333333333,2.25,1.615384615,40851.0,4644.0,1003241.125,2704.0,15171.0,15440.0,1557169.507,1032.12,41.976,2.015,2.324,0,0,1.0,3,0,297.936,539.696,398.212,79.878,LMCI
4134,1,1,1,1,1,0,0,0,0,0,1,1,1,1,68.8,1,16,0,0,0,5.541655265,1.602633896,1.5,5.0,8.0,30.0,57.0,9.0,7.0,46.66666667,3.0,26.0,2.25,1.333333333,1.571428571,1.4,1.6,1.5,1.631578947,2.75,2.333333333,1.857142857,2.4,1.4,2.75,2.263157895,19778.0,8226.0,1076904.296,3153.0,15159.0,19220.0,1457581.202,1074.85,20.629,2.754,2.753,1,1,0.0,1,1,265.151,553.97,524.038,4.3704,EMCI
4136,1,1,1,1,0,0,1,1,1,0,1,0,1,1,66.7,0,20,0,0,0,3.486320707,1.520594693,5.0,23.0,31.0,24.0,29.0,5.0,6.0,66.66666667,22.0,19.0,3.75,2.555555556,3.0,2.6,2.333333333,3.5,2.948717949,3.25,2.888888889,2.857142857,2.8,2.666666667,3.5,2.974358974,134953.0,6388.0,1215768.278,3309.0,19636.0,20067.0,1843199.971,1223.19,134.41,2.746,2.861,1,1,0.0,1,1,468.837,691.454,581.321,6.99814,AD
4143,0,1,0,0,1,0,1,1,1,1,1,1,1,0,63.6,1,19,0,0,0,6.225632933,1.010246662,0.5,14.0,23.0,29.0,39.0,6.0,7.0,70.0,1.0,23.0,3.375,2.0,3.0,2.2,1.833333333,2.0,2.486486486,1.5,1.0,1.142857143,1.0,1.0,1.0,1.128205128,41644.0,5637.0,945306.19,1999.0,16429.0,18681.0,1370134.665,950.71,42.661,2.255,1.779,1,1,0.0,1,1,303.131,523.199,417.554,4.4232,EMCI
4149,1,1,1,1,0,1,1,1,1,0,1,0,1,1,73.3,0,14,0,0,0,6.610733598,1.163583486,2.0,10.0,17.0,24.0,28.0,2.0,5.0,83.33333333,0.0,21.0,1.875,1.888888889,1.0,1.4,1.0,2.0,1.538461538,1.5,1.555555556,1.0,1.0,1.166666667,1.0,1.256410256,36247.0,7913.0,1172190.124,3910.0,17576.0,24291.0,1731281.037,1184.45,37.058,3.031,2.803,1,1,0.0,1,1,327.461,630.771,494.057,15.3213,EMCI
4152,0,0,1,0,1,0,1,1,1,1,0,1,1,1,60.7,0,18,0,0,0,3.937659034,1.382303078,6.0,37.0,51.0,20.0,5.0,-1.0,1.0,100.0,16.0,4.0,1.5,1.375,1.142857143,1.0,2.166666667,1.5,1.447368421,3.25,2.777777778,1.857142857,2.4,3.166666667,2.25,2.666666667,51036.0,6696.0,1004904.895,3120.0,16872.0,15846.0,1451342.258,999.254,51.215,2.952,2.61,1,1,0.0,1,1,355.786,552.849,464.361,1.58925,AD
4157,0,1,1,0,0,1,0,0,1,0,1,1,1,1,81.1,1,19,0,0,4,6.499560499,1.414594783,1.5,11.0,15.0,29.0,29.0,7.0,5.0,62.5,1.0,23.0,1.75,2.0,1.571428571,1.6,2.0,1.25,1.743589744,2.125,1.333333333,1.0,1.2,1.833333333,1.5,1.526315789,37772.0,5111.0,903638.9687,3053.0,16833.0,16688.0,1392970.694,916.378,37.692,1.992,2.245,1,1,0.0,1,1,308.8,523.025,391.049,14.2828,EMCI
4159,0,1,1,1,0,1,1,0,1,1,0,0,1,0,71.0,1,19,0,0,0,6.703833643,1.060044608,1.0,10.0,16.0,30.0,49.0,10.0,3.0,21.42857143,0.0,25.0,2.5,2.777777778,2.714285714,1.8,2.333333333,2.25,2.461538462,2.0,1.777777778,1.285714286,1.0,2.2,1.666666667,1.675675676,29515.0,6659.0,1044321.318,3450.0,19814.0,19626.0,1531091.707,1063.79,31.117,2.647,2.499,1,1,0.0,1,1,308.597,585.406,482.304,2.06233,EMCI
4168,1,1,1,1,0,0,0,1,0,0,1,1,0,1,82.2,0,17,0,0,0,6.853853649,1.082274431,0.5,8.0,11.0,29.0,30.0,9.0,5.0,45.45454545,1.0,24.0,1.0,1.0,1.0,1.0,1.0,1.25,1.025641026,1.375,1.111111111,1.0,1.2,1.0,1.333333333,1.157894737,33419.0,7532.0,1082485.352,5322.0,17948.0,20255.0,1470906.885,1073.36,32.631,2.968,2.903,1,1,0.0,1,1,345.932,595.264,476.14,13.027,EMCI
4169,0,1,1,0,1,1,1,1,1,0,0,0,1,1,62.0,1,13,0,2,2,6.623646482,1.122335621,0.5,5.0,6.0,28.0,37.0,6.0,2.0,20.0,2.0,25.0,2.25,1.222222222,1.0,1.0,1.0,1.5,1.358974359,1.5,1.0,1.0,1.2,1.333333333,1.0,1.179487179,21010.0,7472.0,1160331.126,3678.0,20771.0,22125.0,1575017.151,1187.58,21.908,2.869,2.705,1,1,0.0,1,1,252.614,606.446,557.39,2.1216,LMCI
4170,1,1,1,1,1,1,1,0,1,0,1,0,0,1,65.6,1,18,0,1,4,7.67828387,1.200229946,1.5,3.0,4.0,30.0,55.0,8.0,2.0,14.28571429,1.0,28.0,1.625,1.666666667,1.285714286,1.2,1.166666667,1.75,1.461538462,1.625,1.666666667,1.285714286,1.4,1.333333333,2.5,1.58974359,10725.0,9155.0,1105794.088,3957.0,18454.0,23566.0,1432290.005,1128.04,10.695,3.201,3.221,1,1,0.0,1,1,232.787,584.993,489.556,0.8592,LMCI
4171,0,1,1,1,1,0,1,0,1,1,0,1,0,0,69.4,0,16,0,0,0,5.30646024,1.560148394,1.5,16.0,24.0,28.0,38.0,2.0,2.0,28.57142857,5.0,20.0,2.375,2.888888889,1.0,1.4,1.166666667,1.75,1.871794872,3.25,3.666666667,1.285714286,2.25,1.833333333,3.0,2.621621622,32225.0,7108.0,1004207.483,2890.0,15698.0,15910.0,1572116.771,1016.31,32.313,2.927,2.619,1,1,0.0,1,1,393.863,557.621,468.85,1.3488,LMCI
4175,1,0,1,1,1,0,1,0,0,1,1,1,1,0,75.5,0,20,0,0,0,5.917110131,1.173647757,2.5,9.0,12.0,27.0,31.0,4.0,8.0,100.0,6.0,19.0,1.25,1.222222222,1.0,1.0,1.0,1.25,1.128205128,2.25,2.666666667,1.571428571,1.6,1.5,2.5,2.051282051,23105.0,8306.0,1055782.626,4543.0,19112.0,19636.0,1468718.497,1070.93,24.37,3.076,2.885,1,1,0.0,1,1,313.494,565.903,512.888,0.7248,EMCI
4184,0,1,1,1,1,1,0,1,1,1,0,0,1,0,62.3,1,20,0,0,0,6.722188335,0.979860653,0.5,3.0,4.0,30.0,60.0,6.0,2.0,14.28571429,0.0,26.0,2.0,2.222222222,1.428571429,1.0,1.666666667,2.0,1.769230769,1.375,1.111111111,1.285714286,1.2,1.333333333,1.333333333,1.263157895,22533.0,7442.0,1047003.313,4965.0,17659.0,18233.0,1391556.445,1067.59,22.953,2.744,2.785,1,1,0.0,1,1,232.114,561.122,492.231,0.569976,EMCI
4187,0,1,1,1,1,0,1,1,1,1,1,1,1,0,62.0,0,16,0,0,0,7.376286893,1.020420561,0.5,12.0,17.0,29.0,27.0,3.0,2.0,33.33333333,0.0,22.0,2.625,1.777777778,1.285714286,2.0,2.333333333,2.5,2.051282051,2.375,1.0,1.0,2.2,2.0,1.5,1.638888889,14042.0,8628.0,1302060.469,4348.0,26280.0,25243.0,1612570.031,1325.12,14.674,3.084,3.05,1,1,0.0,1,1,283.739,704.356,623.348,1.3368,LMCI
4188,1,1,0,1,1,0,1,1,1,1,1,0,1,0,77.2,0,14,0,0,0,6.267441597,1.422028281,1.0,16.0,27.0,28.0,25.0,2.0,4.0,66.66666667,5.0,27.0,1.875,1.222222222,1.0,1.0,1.0,1.5,1.282051282,3.25,2.125,1.166666667,1.4,2.2,2.0,2.111111111,49457.0,6696.0,1118137.238,2832.0,18354.0,21851.0,1739396.642,1154.17,49.762,2.98,2.687,1,1,0.0,1,1,367.368,613.161,494.241,4.42766,EMCI
4189,1,0,0,0,1,1,0,0,1,1,0,1,0,0,73.1,1,15,0,0,0,6.303620028,1.292415262,2.5,18.0,27.0,28.0,35.0,1.0,6.0,75.0,11.0,21.0,1.75,1.333333333,1.142857143,1.2,1.0,1.75,1.368421053,3.75,3.333333333,3.857142857,3.8,3.833333333,4.0,3.717948718,45561.0,5960.0,1025431.641,1898.0,11977.0,15806.0,1534959.103,1044.83,45.492,2.069,2.491,1,1,0.0,1,1,330.06,498.129,497.971,4.84813,LMCI
4194,0,0,1,1,0,1,0,0,0,0,1,1,1,0,62.0,0,16,0,0,0,6.182125985,0.972341707,0.5,7.0,12.0,30.0,41.0,4.0,4.0,40.0,2.0,25.0,3.0,1.222222222,1.142857143,1.4,2.0,2.0,1.763157895,1.5,1.0,1.0,1.0,1.75,1.75,1.27027027,11687.0,8792.0,1089457.569,4380.0,15855.0,18184.0,1501270.151,1133.65,11.215,3.126,2.986,1,1,0.0,1,1,281.525,565.481,518.064,1.7808,LMCI
4195,2,1,1,0,1,1,0,0,0,1,1,0,1,1,62.2,0,16,0,0,0,4.542622451,1.391569241,5.0,25.0,36.0,21.0,22.0,2.0,5.0,100.0,13.0,11.0,2.5,1.625,1.333333333,1.0,1.0,1.666666667,1.617647059,4.0,2.888888889,2.857142857,2.6,3.833333333,3.0,3.230769231,18408.0,5948.0,966402.929,2961.0,16380.0,16800.0,1406895.032,987.886,19.725,2.065,2.3,1,1,0.0,1,1,275.41,525.986,447.901,0.3648,AD
4197,1,1,1,1,1,1,0,0,0,0,0,1,0,1,79.3,0,20,0,0,0,6.16655669,1.518702033,0.5,9.0,15.0,30.0,37.0,2.0,3.0,42.85714286,5.0,25.0,2.625,1.333333333,1.285714286,1.0,1.333333333,1.75,1.58974359,1.75,1.777777778,1.142857143,1.6,2.333333333,1.75,1.717948718,61136.0,6584.0,1103649.937,2846.0,19888.0,22623.0,1554301.608,1129.3,62.417,2.569,2.114,1,1,0.0,1,1,372.542,643.121,508.711,11.9618,LMCI
4199,0,1,1,1,1,1,1,1,0,0,1,1,0,1,59.0,0,16,0,0,0,6.94926788,0.971827158,2.0,13.0,16.0,29.0,44.0,4.0,3.0,27.27272727,4.0,24.0,3.0,1.666666667,1.833333333,2.4,2.4,4.0,2.432432432,2.625,1.0,1.142857143,1.0,1.0,1.0,1.358974359,22275.0,8303.0,1102954.118,4564.0,20053.0,21592.0,1492096.784,1110.85,23.601,3.09,2.964,1,1,0.0,1,1,292.302,581.867,524.964,0.9156,EMCI
4201,2,1,1,1,1,1,0,0,0,0,1,1,1,0,64.0,1,15,0,0,0,3.962822366,1.314746847,6.0,14.0,24.0,24.0,26.0,2.0,6.0,100.0,16.0,24.0,1.5,1.444444444,1.0,1.2,1.0,1.0,1.236842105,4.0,2.555555556,2.857142857,3.0,4.0,3.0,3.230769231,24836.0,4657.0,918708.0604,2719.0,14615.0,12522.0,1360484.494,909.218,25.405,2.204,2.351,1,1,0.0,1,1,295.683,480.027,417.152,2.09177,AD
4202,0,1,1,1,1,0,0,1,0,1,1,0,1,0,70.5,0,18,0,0,0,6.992066757,1.042708333,1.0,7.0,12.0,28.0,30.0,4.0,5.0,62.5,4.0,26.0,2.0,1.888888889,1.428571429,2.0,2.0,2.0,1.871794872,3.0,1.444444444,1.428571429,1.8,2.25,2.5,2.027027027,33667.0,6849.0,1146275.284,4384.0,19570.0,21535.0,1699187.768,1169.75,34.63,2.661,2.328,1,1,0.0,1,1,310.205,592.757,563.774,1.77,EMCI
4203,1,1,1,0,1,1,0,0,1,1,1,0,0,0,74.4,1,17,0,0,4,5.937028684,1.294250145,3.0,8.0,12.0,30.0,31.0,0.0,3.0,50.0,11.0,25.0,1.875,1.333333333,1.857142857,1.6,1.5,1.75,1.641025641,3.375,3.111111111,2.571428571,3.2,3.166666667,3.75,3.153846154,60070.0,5715.0,914573.8443,1497.0,14056.0,17266.0,1466932.597,943.989,59.53,1.747,1.625,1,1,0.0,1,1,383.977,514.864,398.61,0.2088,LMCI
4205,0,1,1,1,1,0,1,0,1,1,1,1,1,0,81.4,1,18,0,0,0,6.246142853,1.299472583,0.5,8.0,11.0,29.0,51.0,10.0,9.0,60.0,0.0,25.0,2.285714286,1.444444444,1.0,1.4,2.5,1.75,1.710526316,2.285714286,1.222222222,1.0,1.0,1.0,1.0,1.289473684,52576.0,6354.0,1009223.57,4008.0,16571.0,19568.0,1482491.179,1023.45,54.578,2.544,2.355,1,1,0.0,1,1,307.355,540.874,459.68,15.6708,EMCI
4206,0,1,1,1,0,1,1,1,0,1,1,0,0,1,68.6,0,17,0,0,0,5.8766999,1.021432986,2.0,12.0,18.0,26.0,37.0,6.0,8.0,80.0,0.0,22.0,3.125,3.555555556,3.0,3.0,3.5,4.0,3.333333333,1.75,1.444444444,1.142857143,1.6,1.833333333,2.25,1.615384615,74738.0,6755.0,1032747.738,3786.0,19935.0,22158.0,1566580.378,1037.78,76.204,2.725,2.326,1,1,0.0,1,1,358.882,586.436,465.857,0.485881,EMCI
4210,1,1,1,1,1,1,1,0,1,1,0,0,1,0,63.9,0,18,0,0,0,6.937967865,1.03176155,0.5,7.0,13.0,29.0,27.0,4.0,5.0,62.5,0.0,22.0,1.625,1.555555556,1.0,1.0,1.5,1.25,1.358974359,1.25,1.333333333,1.142857143,1.0,1.166666667,1.0,1.179487179,12948.0,9229.0,1228206.838,4253.0,21999.0,20620.0,1570334.311,1236.35,13.025,3.415,3.335,1,1,0.0,1,1,280.152,650.057,582.243,1.37759,LMCI
4211,0,1,1,1,0,0,0,0,1,1,0,1,0,0,80.9,1,15,0,0,0,5.723877242,1.399861136,5.0,11.0,19.0,22.0,20.0,2.0,1.0,25.0,3.0,15.0,3.75,3.857142857,4.0,2.4,3.0,3.5,3.454545455,2.625,2.222222222,2.285714286,2.6,2.5,2.0,2.384615385,30024.0,4981.0,851395.8621,3271.0,16476.0,16135.0,1352542.188,868.485,30.532,1.854,1.947,1,1,0.0,1,1,290.243,479.482,364.589,2.1984,AD
4212,0,1,1,1,1,1,0,1,1,0,0,1,1,0,64.7,0,20,0,0,0,6.255708345,1.032020734,0.5,5.0,8.0,29.0,49.0,5.0,4.0,36.36363636,0.0,27.0,1.75,1.222222222,1.0,1.0,1.0,1.25,1.230769231,1.625,1.111111111,1.142857143,1.0,1.333333333,1.5,1.282051282,64357.0,8248.0,1258428.856,3619.0,23795.0,26974.0,1818552.824,1270.1,66.548,3.169,3.167,1,1,0.0,1,1,330.166,679.793,575.304,1.9236,EMCI
4214,0,1,1,0,1,1,1,0,1,0,0,1,0,1,74.2,0,20,0,0,0,5.650449513,0.975288916,1.0,9.0,14.0,30.0,22.0,4.0,6.0,85.71428571,0.0,20.0,1.25,1.222222222,1.0,1.0,1.333333333,1.25,1.179487179,1.625,1.0,1.0,1.0,1.166666667,2.0,1.256410256,83689.0,7326.0,946272.2427,4038.0,16924.0,18121.0,1499668.586,958.393,84.706,2.874,2.814,1,1,0.0,1,1,361.47,535.254,428.162,1.9476,LMCI
4216,0,1,1,1,0,1,1,1,1,1,1,1,0,1,56.4,0,14,0,0,2,6.284959205,0.994444444,2.5,14.0,18.0,29.0,28.0,5.0,4.0,50.0,0.0,22.0,1.625,2.444444444,2.142857143,1.2,1.833333333,1.5,1.871794872,1.5,1.666666667,1.714285714,1.4,1.666666667,1.75,1.615384615,46731.0,7777.0,1225392.945,3959.0,21592.0,23666.0,1754648.67,1238.32,48.12,3.067,2.859,1,1,0.0,1,1,340.327,671.17,577.573,0.6516,EMCI
4217,0,0,1,1,1,1,1,0,1,1,0,0,1,1,76.4,0,16,0,0,0,6.343357633,0.908551017,0.5,3.0,6.0,30.0,40.0,9.0,8.0,61.53846154,0.0,24.0,2.25,1.777777778,1.142857143,1.6,1.166666667,1.75,1.641025641,3.5,2.333333333,1.0,1.6,1.166666667,2.25,2.051282051,41171.0,7682.0,1061584.825,3868.0,18879.0,21633.0,1606065.148,1086.66,42.086,3.0,2.926,1,1,0.0,1,1,328.729,601.032,485.748,3.048,EMCI
4219,0,0,1,1,1,0,0,1,0,0,1,0,1,1,79.4,1,17,0,0,1,6.540097308,1.03835923,1.0,7.0,9.0,30.0,40.0,8.0,5.0,45.45454545,0.0,22.0,1.75,1.333333333,1.142857143,1.2,1.166666667,1.25,1.333333333,1.0,1.0,1.0,1.0,1.0,1.0,1.0,40437.0,6383.0,977965.3193,3787.0,19019.0,18469.0,1569068.247,1013.03,40.518,2.236,2.493,1,1,0.0,1,1,353.617,552.254,429.398,1.1256,LMCI
4220,0,1,1,1,1,0,1,0,1,0,0,0,0,1,71.2,1,18,0,0,2,6.306481694,1.019089214,0.5,2.0,5.0,30.0,47.0,7.0,2.0,15.38461538,0.0,22.0,3.0,2.333333333,1.285714286,1.0,1.166666667,1.25,1.820512821,1.25,1.222222222,1.0,1.0,1.0,1.0,1.102564103,23127.0,7851.0,1003472.081,4050.0,16578.0,18593.0,1329337.128,1012.71,24.38,2.573,2.53,1,1,0.0,1,1,282.882,555.025,441.909,7.91311,EMCI
4223,0,1,1,1,1,0,1,0,0,0,0,1,1,1,75.8,0,16,0,0,0,4.368419716,1.106871452,4.5,31.0,43.0,23.0,1.0,1.0,1.0,100.0,21.0,9.0,2.25,2.333333333,2.5,1.666666667,2.25,2.25,2.264705882,2.875,3.777777778,2.428571429,2.6,3.166666667,3.75,3.102564103,61262.0,6353.0,1135363.287,3690.0,18518.0,23179.0,1831464.901,1153.54,61.004,2.557,2.568,1,1,0.0,1,1,388.728,603.194,533.598,14.3352,AD
4226,0,1,0,0,1,1,1,0,1,0,0,1,0,1,62.9,1,17,0,0,4,6.856919477,1.115832835,0.5,6.0,7.0,29.0,54.0,6.0,4.0,30.76923077,0.0,22.0,1.5,1.0,1.0,1.0,1.0,1.0,1.102564103,1.5,1.111111111,1.0,1.2,1.8,2.0,1.368421053,5650.0,8065.0,955872.687,3801.0,14540.0,19453.0,1185733.751,963.186,5.819,3.241,3.133,1,1,0.0,1,1,218.647,502.68,438.325,1.92884,EMCI
4229,0,0,0,1,0,1,0,1,1,1,0,1,1,0,66.4,0,15,0,0,0,6.96365181,1.006163991,0.5,8.0,11.0,29.0,25.0,4.0,7.0,100.0,0.0,22.0,1.625,1.888888889,1.0,1.4,1.0,2.0,1.487179487,1.25,1.0,1.0,1.0,1.0,1.0,1.051282051,63750.0,6916.0,1062924.56,3936.0,18121.0,20895.0,1624330.074,1077.75,64.519,2.778,2.544,1,1,0.0,1,1,355.883,616.188,461.886,5.058,LMCI
4232,0,1,1,1,0,1,0,1,1,0,1,1,1,1,74.2,0,16,0,0,0,5.865496746,1.031819456,2.0,7.0,9.0,29.0,23.0,4.0,2.0,28.57142857,1.0,23.0,1.5,1.666666667,1.0,1.8,1.25,2.0,1.513513514,1.25,1.333333333,1.0,1.75,1.25,1.5,1.323529412,17961.0,7423.0,1069179.323,4198.0,18135.0,19696.0,1412218.766,1086.09,19.21,2.805,2.596,1,1,0.0,1,1,251.502,558.897,511.594,2.60961,EMCI
4237,0,1,1,1,1,1,1,0,1,0,1,1,1,1,80.9,1,13,0,0,4,6.17066883,0.977783225,1.0,12.0,18.0,29.0,25.0,9.0,9.0,100.0,0.0,23.0,1.875,2.222222222,1.0,1.4,1.0,1.75,1.58974359,1.5,1.444444444,1.428571429,1.0,1.0,2.0,1.384615385,92447.0,6102.0,976303.8239,3915.0,16367.0,18784.0,1516250.347,989.552,92.465,2.366,2.369,1,1,0.0,1,1,432.047,589.818,392.741,2.736,EMCI
4240,2,1,1,0,0,1,1,0,0,1,0,0,0,1,70.8,0,20,0,0,0,5.892189133,1.508174519,2.5,19.0,31.0,28.0,27.0,0.0,5.0,100.0,7.0,23.0,3.5,3.444444444,3.571428571,3.2,3.0,3.0,3.333333333,3.625,2.0,2.142857143,1.8,2.5,2.25,2.435897436,36852.0,5341.0,1002716.901,3058.0,14680.0,19472.0,1501324.492,1044.67,36.819,2.139,1.944,1,1,0.0,1,1,341.978,550.897,457.649,10.1024,LMCI
4251,0,0,1,1,1,1,1,1,1,0,1,0,1,1,71.9,0,19,0,0,0,7.363213653,1.002523874,0.5,8.0,12.0,30.0,42.0,1.0,5.0,55.55555556,0.0,23.0,1.5,1.555555556,1.571428571,1.4,1.0,2.0,1.487179487,1.125,1.0,1.142857143,1.0,1.0,1.0,1.051282051,22398.0,7774.0,1066463.665,3368.0,17774.0,20659.0,1516947.326,1085.68,22.91,2.643,2.679,2,0,1.0,8,0,305.057,581.585,461.419,8.41082,LMCI
4251,0,0,1,1,1,1,1,1,1,0,1,0,1,1,71.9,0,19,0,0,0,7.363213653,1.002523874,0.5,8.0,12.0,30.0,42.0,1.0,5.0,55.55555556,0.0,23.0,1.5,1.555555556,1.571428571,1.4,1.0,2.0,1.487179487,1.125,1.0,1.142857143,1.0,1.0,1.0,1.051282051,22398.0,7774.0,1066463.665,3368.0,17774.0,20659.0,1516947.326,1085.68,22.91,2.643,2.679,2,0,2.0,4,0,305.057,581.585,461.419,8.41082,LMCI
4252,1,1,1,1,1,0,1,1,0,1,1,1,1,1,86.5,1,16,0,0,1,5.339690083,1.454768271,5.0,22.0,34.0,22.0,19.0,3.0,5.0,100.0,27.0,16.0,1.75,1.0,1.833333333,1.0,1.333333333,1.75,1.421052632,4.0,3.0,3.285714286,3.6,3.5,3.75,3.487179487,61708.0,4800.0,894110.0604,2468.0,13754.0,17587.0,1464896.109,920.779,61.428,1.928,1.918,1,1,0.0,1,1,377.509,542.996,363.258,6.732,AD
4256,1,1,1,0,0,0,1,1,1,1,1,1,0,1,62.8,1,20,0,0,0,6.931939327,1.207071144,0.5,8.0,14.0,29.0,55.0,6.0,3.0,21.42857143,0.0,26.0,2.875,2.444444444,2.428571429,1.2,1.833333333,4.0,2.435897436,2.142857143,1.777777778,2.0,1.2,1.25,2.0,1.777777778,21504.0,6613.0,1077824.269,3662.0,21073.0,20226.0,1502677.386,1092.69,22.841,2.415,2.37,1,1,0.0,1,1,299.742,578.477,502.674,0.57,EMCI
4258,1,1,1,1,1,1,0,1,1,1,1,1,0,1,75.8,0,14,0,0,0,5.811797468,1.235781264,2.5,19.0,29.0,24.0,17.0,2.0,4.0,100.0,10.0,18.0,3.375,2.333333333,2.285714286,2.6,3.0,2.5,2.692307692,4.0,3.555555556,2.5,2.0,3.166666667,4.0,3.263157895,44708.0,6697.0,1239575.034,3813.0,20263.0,21885.0,1846787.92,1261.9,46.68,2.364,2.504,1,1,0.0,1,1,373.032,676.834,573.604,0.9444,AD
4259,1,1,0,1,0,0,1,1,1,0,1,1,1,0,63.0,1,20,0,0,2,6.013745783,1.281578719,0.5,4.0,9.0,29.0,55.0,6.0,2.0,15.38461538,0.0,28.0,2.625,1.777777778,1.714285714,2.4,2.833333333,2.5,2.256410256,1.25,1.0,1.0,1.0,1.166666667,1.0,1.076923077,15449.0,6342.0,1019073.565,3543.0,18703.0,19623.0,1428898.858,1031.35,16.223,2.47,2.316,2,0,1.0,8,0,263.545,551.651,456.348,4.73734,EMCI
4263,1,1,0,1,0,1,1,1,1,1,1,0,1,0,74.3,0,20,0,0,0,6.097609618,1.857790688,2.5,13.0,20.0,27.0,31.0,3.0,7.0,87.5,4.0,21.0,2.25,1.777777778,1.142857143,2.0,1.6,2.75,1.868421053,2.875,1.444444444,1.285714286,1.8,2.25,1.25,1.837837838,65865.0,6622.0,1137154.977,3875.0,24978.0,25611.0,1760969.146,1150.13,67.911,2.54,2.508,1,1,0.0,1,1,403.403,658.662,486.103,0.795564,LMCI
4268,0,1,1,1,1,1,1,0,1,1,1,1,0,0,63.5,1,15,0,0,0,6.297590296,0.974485958,0.5,9.0,12.0,29.0,45.0,8.0,4.0,33.33333333,0.0,23.0,2.125,2.0,1.333333333,1.6,1.666666667,2.5,1.868421053,1.125,1.111111111,1.0,1.0,1.0,1.0,1.051282051,18155.0,7919.0,1031010.082,3663.0,17295.0,18144.0,1486575.352,1066.49,18.281,3.025,2.691,1,1,0.0,1,1,301.512,547.726,468.54,0.401787,EMCI
4271,0,1,1,0,0,1,1,1,1,1,1,0,0,1,61.8,0,20,0,0,0,6.561380925,1.02717076,0.5,7.0,11.0,30.0,46.0,8.0,13.0,100.0,2.0,24.0,2.125,2.0,1.714285714,1.6,1.75,1.5,1.837837838,2.625,1.222222222,1.0,1.0,1.0,1.0,1.384615385,24652.0,4695.0,968216.2214,2098.0,16377.0,16647.0,1426705.416,981.28,25.161,1.987,1.611,1,1,0.0,1,1,299.852,512.629,435.271,0.5856,EMCI
4274,1,1,1,1,1,0,1,1,1,1,1,0,1,1,63.0,0,14,0,0,0,6.833359575,1.005306368,1.0,4.0,9.0,30.0,43.0,7.0,6.0,50.0,0.0,27.0,2.25,1.444444444,1.0,1.4,1.0,1.5,1.461538462,1.375,1.111111111,1.0,1.0,1.0,1.0,1.102564103,25466.0,9180.0,1154792.67,3354.0,21800.0,22141.0,1579804.513,1173.03,26.582,3.219,3.114,1,1,0.0,1,1,260.359,628.31,552.474,0.3048,EMCI
4280,1,1,1,0,1,1,1,0,0,1,0,1,0,1,79.7,0,16,0,0,0,5.835161148,1.102866742,5.0,18.0,27.0,24.0,27.0,0.0,5.0,100.0,20.0,19.0,2.75,1.777777778,1.285714286,1.4,2.666666667,1.5,1.948717949,4.0,3.888888889,2.4,3.333333333,3.2,3.0,3.441176471,26387.0,4459.0,986052.054,2379.0,18363.0,16942.0,1573327.018,1003.64,27.321,1.739,1.843,1,1,0.0,1,1,371.3,559.257,432.884,2.03296,AD
4281,0,0,1,1,0,1,1,1,1,0,0,1,1,1,77.5,1,18,0,0,1,7.726841691,1.019050948,0.5,7.0,12.0,27.0,48.0,6.0,4.0,36.36363636,0.0,28.0,2.25,2.0,1.142857143,1.2,1.0,2.0,1.641025641,1.5,1.444444444,1.0,1.0,1.0,1.5,1.256410256,25089.0,7462.0,1051261.546,3958.0,16859.0,18621.0,1426060.754,1053.52,26.753,2.807,2.743,1,1,0.0,1,1,289.05,551.824,472.808,15.6416,EMCI
4285,0,1,1,0,0,0,1,1,1,1,1,0,1,1,74.0,0,16,0,0,0,6.607882821,0.975470171,0.5,12.0,18.0,29.0,23.0,3.0,3.0,50.0,0.0,23.0,1.125,1.0,1.0,1.0,1.0,1.0,1.025641026,1.25,1.0,1.0,1.0,1.333333333,1.0,1.105263158,34908.0,8156.0,1187487.956,4220.0,19430.0,22967.0,1771209.651,1220.3,35.687,3.261,3.241,1,1,0.0,1,1,424.602,669.374,529.483,15.2484,EMCI
4287,1,1,1,0,0,1,0,0,0,1,0,0,1,1,70.9,1,17,0,2,0,6.811779151,1.529586672,1.5,12.0,18.0,29.0,26.0,2.0,6.0,100.0,3.0,26.0,1.625,1.666666667,1.142857143,1.0,1.166666667,1.0,1.333333333,2.875,2.666666667,2.571428571,3.0,3.333333333,2.0,2.769230769,16238.0,7362.0,971471.8798,3155.0,16643.0,18626.0,1275760.805,967.616,18.079,2.743,2.616,1,1,0.0,1,1,245.13,511.665,436.359,6.71707,LMCI
4297,1,0,1,1,1,1,1,0,1,1,1,1,0,0,83.0,0,12,0,0,0,6.021527068,1.281510307,1.0,12.0,19.0,29.0,26.0,4.0,7.0,100.0,2.0,20.0,2.25,1.888888889,1.428571429,2.0,1.5,2.0,1.846153846,3.0,2.222222222,2.142857143,2.0,2.0,2.0,2.282051282,46381.0,5919.0,1020635.074,3344.0,16173.0,20196.0,1517554.185,1030.01,46.382,2.347,2.491,1,1,0.0,1,1,311.993,582.712,424.979,25.8984,EMCI
4300,0,1,1,0,1,1,0,1,1,1,1,1,1,1,80.6,1,16,0,0,0,5.544020513,0.990223985,1.5,11.0,17.0,26.0,36.0,5.0,8.0,80.0,0.0,23.0,2.625,2.888888889,1.8,2.8,3.6,2.5,2.722222222,2.0,1.666666667,1.0,1.0,1.0,1.0,1.424242424,105953.0,5742.0,892011.5038,3734.0,15760.0,20564.0,1501607.294,918.778,106.383,2.291,2.269,1,1,0.0,1,1,386.222,510.307,382.29,14.1684,LMCI
4301,0,1,1,1,0,1,0,0,1,1,1,0,1,0,74.6,0,18,0,0,0,6.430492227,1.031450303,0.5,7.0,15.0,28.0,33.0,4.0,6.0,75.0,9.0,24.0,2.875,1.571428571,1.5,1.75,1.333333333,1.75,1.857142857,2.8,1.666666667,1.428571429,1.4,2.0,1.5,1.777777778,69620.0,5257.0,1035366.172,3144.0,18118.0,21990.0,1634107.399,1053.52,69.635,1.809,2.169,1,1,0.0,1,1,357.312,566.707,486.565,11.5542,EMCI
4302,0,1,1,0,1,1,0,0,1,0,0,1,0,1,76.1,0,20,0,0,0,5.739806375,1.183118493,1.0,13.0,21.0,25.0,22.0,0.0,4.0,100.0,3.0,20.0,2.5,2.444444444,1.285714286,1.2,2.0,1.75,1.945945946,2.875,2.666666667,2.0,1.8,1.333333333,2.25,2.230769231,67835.0,7038.0,1030416.335,3919.0,19940.0,19064.0,1514087.212,1039.98,68.984,3.015,2.706,1,1,0.0,1,1,360.394,611.851,427.276,10.5312,LMCI
4303,1,1,1,1,0,1,0,1,0,1,1,0,1,0,80.2,1,20,0,0,1,6.138363795,1.860714286,1.5,12.0,19.0,30.0,28.0,3.0,6.0,85.71428571,1.0,22.0,3.25,3.222222222,1.142857143,1.2,1.666666667,1.75,2.205128205,3.625,1.777777778,1.857142857,2.4,2.0,2.5,2.358974359,46668.0,5210.0,979250.7133,2935.0,14179.0,19285.0,1510210.534,997.195,47.579,2.21,2.234,1,1,0.0,1,1,329.508,559.563,431.443,10.7441,LMCI
4307,1,1,1,0,0,1,0,0,0,1,0,1,1,1,78.5,0,16,0,0,0,4.956528104,1.319858778,4.0,23.0,33.0,22.0,23.0,2.0,5.0,100.0,17.0,17.0,3.375,1.555555556,1.285714286,1.6,3.333333333,1.5,2.153846154,3.125,3.555555556,2.571428571,2.8,3.166666667,2.75,3.051282051,84346.0,4970.0,1009244.429,2152.0,16940.0,19675.0,1474920.87,1001.57,84.936,2.663,1.893,1,1,0.0,1,1,421.432,569.135,455.531,8.14304,AD
4309,1,1,1,0,1,1,0,1,0,1,1,1,1,0,68.2,0,16,0,0,0,7.148443833,1.178643818,1.0,8.0,12.0,27.0,50.0,7.0,2.0,16.66666667,0.0,28.0,2.0,1.666666667,1.0,1.4,1.166666667,1.75,1.512820513,1.5,1.0,1.0,1.4,1.0,1.5,1.205128205,16578.0,8327.0,1096256.642,4058.0,17169.0,20071.0,1506403.784,1103.92,17.299,3.276,3.027,1,1,0.0,1,1,281.248,574.019,501.901,5.5572,EMCI
4311,0,1,0,1,0,1,0,0,1,1,1,0,0,1,72.5,1,18,0,0,0,6.275046487,1.124431869,1.0,8.0,18.0,28.0,44.0,5.0,4.0,36.36363636,0.0,21.0,1.875,1.666666667,1.0,1.2,1.833333333,2.25,1.631578947,2.25,2.0,1.142857143,1.8,1.0,1.75,1.710526316,31490.0,5497.0,1057596.969,2951.0,18108.0,18088.0,1553186.426,1073.86,32.12,2.245,2.37,1,1,0.0,1,1,314.735,539.13,503.68,5.5224,LMCI
4324,1,1,1,0,1,1,1,1,1,1,1,1,1,1,62.8,1,14,0,0,0,5.567120914,1.49387462,4.5,13.0,20.0,27.0,21.0,2.0,4.0,80.0,15.0,21.0,1.5,1.0,1.0,1.0,1.166666667,1.25,1.153846154,3.625,2.666666667,2.0,2.2,3.0,2.25,2.675675676,50109.0,6059.0,878159.725,2609.0,14367.0,17098.0,1351672.499,893.653,50.878,2.295,2.32,1,1,0.0,1,1,286.3,493.811,384.302,4.668,LMCI
4328,1,0,1,1,0,1,0,1,1,0,0,1,1,1,67.6,1,14,0,6,0,6.563279841,0.951307162,0.5,8.0,14.0,29.0,37.0,5.0,3.0,33.33333333,0.0,20.0,1.875,1.666666667,1.142857143,1.2,1.0,2.0,1.487179487,1.75,1.555555556,1.428571429,2.0,1.166666667,1.25,1.538461538,11930.0,7038.0,863270.9543,3757.0,12656.0,16757.0,1244216.953,871.814,12.753,2.53,2.493,1,1,0.0,1,1,229.369,461.898,392.212,1.32149,EMCI
4332,0,1,1,1,0,0,1,0,0,0,1,0,0,0,69.0,0,14,0,0,1,6.856476275,1.165605988,0.5,4.0,5.0,28.0,47.0,6.0,6.0,50.0,2.0,25.0,2.125,1.714285714,1.166666667,1.5,2.25,2.0,1.787878788,1.25,1.333333333,1.0,1.4,1.666666667,1.5,1.333333333,71035.0,7004.0,1342716.964,4574.0,26977.0,28682.0,1938015.557,1370.13,72.289,2.774,2.728,0,0,1.0,8,0,333.45,746.014,614.147,3.8688,EMCI
4346,2,1,0,1,1,1,1,1,0,1,1,0,1,0,71.3,0,18,0,0,0,6.174089961,1.225226265,1.5,11.0,19.0,29.0,44.0,3.0,10.0,100.0,15.0,27.0,2.0,1.111111111,1.142857143,1.0,1.0,1.0,1.256410256,3.5,2.555555556,2.166666667,3.4,2.5,2.25,2.763157895,55341.0,6021.0,1149749.829,2449.0,17274.0,18693.0,1808216.291,1184.09,54.623,2.52,2.342,1,1,0.0,1,1,423.201,664.308,492.863,3.59739,LMCI
4346,2,1,0,1,1,1,1,1,0,1,1,0,1,0,71.3,0,18,0,0,0,6.174089961,1.225226265,1.5,11.0,19.0,29.0,44.0,3.0,10.0,100.0,15.0,27.0,2.0,1.111111111,1.142857143,1.0,1.0,1.0,1.256410256,3.5,2.555555556,2.166666667,3.4,2.5,2.25,2.763157895,55341.0,6021.0,1149749.829,2449.0,17274.0,18693.0,1808216.291,1184.09,54.623,2.52,2.342,1,1,0.0,1,1,423.201,664.308,492.863,3.59739,LMCI
4351,1,1,1,1,1,1,1,1,0,1,1,1,1,0,67.8,1,16,0,0,0,7.198614107,1.319749431,0.5,10.0,17.0,29.0,33.0,3.0,2.0,25.0,0.0,24.0,1.5,1.111111111,1.285714286,1.0,1.0,1.25,1.205128205,1.125,1.0,1.0,1.0,1.0,1.0,1.025641026,26381.0,6806.0,1035938.631,3919.0,17517.0,22536.0,1466239.764,1048.07,26.961,2.781,2.673,1,1,0.0,1,1,316.01,603.661,434.532,0.7116,EMCI
4353,1,0,1,0,0,0,1,1,0,0,1,1,0,0,55.6,1,16,0,0,0,4.203781419,1.718290972,4.5,16.0,27.0,26.0,27.0,7.0,7.0,77.77777778,10.0,20.0,3.5,2.111111111,2.0,2.4,3.166666667,3.25,2.692307692,3.5,2.333333333,1.285714286,2.4,2.0,3.25,2.435897436,43577.0,7232.0,991774.9219,3394.0,16024.0,17302.0,1389553.926,990.676,45.57,2.675,2.653,1,1,0.0,1,1,335.032,550.145,462.912,3.84687,AD
4354,0,1,1,0,1,1,1,0,1,0,1,1,0,0,75.7,0,14,0,0,1,6.367898253,0.998354292,1.0,10.0,20.0,29.0,26.0,5.0,8.0,100.0,2.0,20.0,1.75,1.666666667,1.428571429,1.2,1.833333333,1.0,1.538461538,1.875,2.333333333,1.0,1.0,1.666666667,1.0,1.58974359,24865.0,6867.0,1036002.425,3209.0,17813.0,17178.0,1402492.042,1039.78,25.802,2.912,2.602,1,1,0.0,1,1,339.51,614.773,485.544,2.7849,LMCI
4356,0,1,1,1,1,1,1,0,1,0,1,0,1,1,68.1,0,20,0,0,0,6.199326281,1.077450604,0.5,5.0,7.0,28.0,54.0,10.0,2.0,13.33333333,0.0,26.0,1.375,1.888888889,1.0,1.0,1.5,1.0,1.358974359,1.125,1.0,1.0,1.0,1.0,1.25,1.051282051,14315.0,8764.0,1103567.272,5290.0,18900.0,21446.0,1547648.064,1115.45,14.505,3.405,2.953,1,1,0.0,1,1,253.501,600.588,496.234,1.0548,EMCI
4359,1,1,1,1,1,1,1,0,1,0,0,1,1,1,76.7,0,16,0,0,0,6.534183434,1.310931308,3.0,10.0,14.0,30.0,37.0,8.0,5.0,45.45454545,0.0,27.0,1.375,1.333333333,1.0,1.0,1.666666667,1.5,1.307692308,2.0,2.777777778,1.428571429,1.4,2.666666667,3.0,2.205128205,28375.0,7635.0,1008231.686,4142.0,15777.0,17062.0,1452234.762,1027.86,29.22,2.87,2.589,1,1,0.0,1,1,302.922,557.388,457.547,5.6028,LMCI
4360,0,1,1,0,1,0,0,0,0,0,0,1,1,1,59.5,1,20,0,0,0,7.109704907,0.97013932,2.0,5.0,7.0,30.0,57.0,7.0,2.0,14.28571429,0.0,25.0,3.0,1.777777778,1.428571429,1.2,1.833333333,3.0,2.025641026,2.0,1.555555556,1.857142857,1.2,1.333333333,1.75,1.641025641,16718.0,9130.0,1114368.69,4624.0,20420.0,19310.0,1470496.578,1136.21,17.462,3.517,3.239,1,1,0.0,1,1,250.795,589.843,513.213,3.41852,EMCI
4363,0,1,1,1,1,0,1,0,1,1,1,1,1,0,73.5,1,13,0,0,1,6.436105816,1.533171392,1.5,11.0,21.0,26.0,33.0,4.0,4.0,50.0,3.0,19.0,2.875,2.222222222,1.666666667,1.4,3.166666667,2.5,2.342105263,2.125,1.111111111,1.0,1.2,1.0,1.25,1.307692308,32110.0,6796.0,1002242.087,3434.0,18347.0,18141.0,1490086.067,1052.78,32.444,2.648,2.332,1,1,0.0,1,1,344.999,546.581,465.72,2.1624,LMCI
4363,0,1,1,1,1,0,1,0,1,1,1,1,1,0,73.5,1,13,0,0,1,6.436105816,1.533171392,1.5,11.0,21.0,26.0,33.0,4.0,4.0,50.0,3.0,19.0,2.875,2.222222222,1.666666667,1.4,3.166666667,2.5,2.342105263,2.125,1.111111111,1.0,1.2,1.0,1.25,1.307692308,32110.0,6796.0,1002242.087,3434.0,18347.0,18141.0,1490086.067,1052.78,32.444,2.648,2.332,1,1,0.0,1,1,344.999,546.581,465.72,2.1624,LMCI
4366,1,1,1,1,0,0,0,1,0,1,1,0,1,1,73.6,0,16,0,0,0,4.888803996,1.490907524,1.5,26.0,36.0,26.0,14.0,4.0,4.0,100.0,1.0,16.0,1.875,1.888888889,1.0,1.0,1.0,1.5,1.435897436,1.75,1.555555556,1.142857143,1.0,1.0,1.25,1.333333333,89177.0,5854.0,1087288.725,4652.0,18735.0,18865.0,1808661.773,1099.19,89.503,2.721,2.429,1,1,0.0,1,1,421.654,615.822,480.666,8.27066,LMCI
4377,1,1,1,1,1,1,0,1,0,0,1,0,0,1,69.3,1,12,0,0,1,7.517050563,1.121654559,1.5,2.0,7.0,29.0,45.0,10.0,6.0,46.15384615,2.0,27.0,2.5,1.555555556,1.142857143,1.4,1.666666667,2.5,1.769230769,2.625,1.777777778,2.0,2.2,2.0,2.5,2.153846154,19698.0,6287.0,862889.4593,3358.0,15040.0,16425.0,1310964.615,881.036,20.188,2.401,2.389,1,1,0.0,1,1,313.811,532.182,377.1,0.846,LMCI
4381,1,1,0,0,0,1,0,1,0,1,1,0,1,1,55.0,1,17,0,0,0,6.266884053,1.072864432,0.5,5.0,10.0,27.0,50.0,5.0,3.0,25.0,0.0,26.0,2.875,1.333333333,1.285714286,1.2,1.333333333,1.0,1.58974359,1.125,1.0,1.0,1.0,1.333333333,1.0,1.076923077,23750.0,7798.0,986424.3092,3948.0,17124.0,18513.0,1365853.383,996.145,24.086,3.132,3.084,1,1,0.0,1,1,306.059,510.377,479.094,0.5412,LMCI
4392,0,1,1,1,1,1,1,1,1,1,0,0,0,0,82.4,0,12,0,0,0,6.229474317,1.649729663,2.0,15.0,23.0,29.0,25.0,2.0,5.0,83.33333333,3.0,23.0,3.0,1.375,1.166666667,1.0,1.0,1.5,1.647058824,2.625,1.25,1.142857143,1.25,2.166666667,1.75,1.72972973,39743.0,5565.0,1066968.532,3030.0,18103.0,20055.0,1524622.317,1070.99,39.858,2.257,2.683,1,1,0.0,1,1,373.756,628.487,413.107,33.7884,EMCI
4394,0,0,1,1,1,0,0,0,1,1,1,0,0,0,75.9,1,18,0,0,0,6.540830631,1.053883537,1.0,6.0,6.0,30.0,64.0,8.0,2.0,13.33333333,1.0,25.0,1.428571429,2.0,1.142857143,1.0,1.833333333,1.25,1.5,1.571428571,1.222222222,1.166666667,1.6,2.0,1.5,1.486486486,32501.0,6791.0,1033900.246,3532.0,17838.0,21492.0,1507870.89,1055.55,33.498,2.541,2.576,1,1,0.0,1,1,337.585,604.238,447.235,10.4484,LMCI
4403,2,1,0,1,0,0,1,1,1,1,1,1,1,1,74.3,1,14,0,6,0,6.221603164,1.178445984,1.0,11.0,16.0,27.0,41.0,4.0,4.0,44.44444444,1.0,16.0,2.75,3.0,3.0,2.8,1.666666667,1.5,2.564102564,2.875,3.555555556,1.25,1.2,1.0,2.5,2.277777778,27104.0,5665.0,996228.5925,3722.0,13472.0,21272.0,1242191.224,1011.49,28.896,2.128,2.29,1,1,0.0,1,1,265.11,571.35,422.377,26.4036,LMCI
4405,1,1,0,1,1,1,0,0,1,0,1,1,1,0,71.4,0,18,0,0,0,6.4912016,1.340409896,1.0,6.0,9.0,29.0,44.0,9.0,4.0,33.33333333,0.0,28.0,2.375,2.333333333,1.428571429,1.4,1.0,1.25,1.743589744,1.5,1.222222222,1.142857143,1.2,2.166666667,1.25,1.41025641,15041.0,8568.0,1250771.442,4896.0,18409.0,24292.0,1686403.334,1274.22,15.77,3.301,3.183,1,1,0.0,1,1,323.734,617.01,599.945,1.146,EMCI
4406,0,0,0,1,0,1,1,0,1,1,1,1,0,1,78.9,0,19,0,0,0,6.076068801,1.26721063,3.5,11.0,16.0,29.0,29.0,9.0,7.0,70.0,3.0,24.0,2.375,2.0,1.571428571,2.2,2.333333333,1.5,2.025641026,1.875,2.222222222,1.285714286,1.4,1.666666667,1.25,1.692307692,82836.0,6986.0,974325.491,3295.0,18010.0,19295.0,1603178.828,987.141,84.442,2.617,2.598,1,1,0.0,1,1,378.283,569.395,418.789,0.2016,LMCI
4415,2,1,1,1,1,1,0,0,0,0,0,1,1,0,75.1,1,13,0,0,1,5.85890649,1.745826137,4.0,11.0,17.0,28.0,35.0,6.0,10.0,100.0,11.0,26.0,2.125,1.333333333,1.142857143,1.0,1.0,1.75,1.41025641,4.0,2.555555556,3.285714286,2.8,3.0,4.0,3.230769231,10509.0,5883.0,927602.2506,2668.0,16512.0,16784.0,1276355.762,960.622,10.108,1.879,2.017,1,1,0.0,1,1,258.064,545.657,371.899,5.6796,EMCI
4417,0,1,0,0,0,1,0,1,0,1,1,1,1,1,74.4,0,16,0,0,0,5.759419649,1.084129225,1.5,6.0,11.0,30.0,39.0,8.0,1.0,9.090909091,0.0,25.0,1.375,1.111111111,1.0,1.0,1.0,1.0,1.102564103,1.375,1.111111111,1.0,1.4,1.0,1.25,1.179487179,51371.0,8000.0,1132485.492,4111.0,21237.0,23095.0,1761603.548,1157.77,52.434,2.797,2.704,1,1,0.0,1,1,430.35,673.834,499.039,13.7196,EMCI
4419,1,1,1,1,1,0,0,1,1,0,0,1,1,0,63.8,1,18,0,2,2,6.275954554,1.249351056,0.5,2.0,6.0,30.0,50.0,6.0,5.0,38.46153846,2.0,28.0,2.5,1.888888889,1.714285714,1.8,2.333333333,2.5,2.102564103,2.5,1.555555556,1.285714286,1.6,3.166666667,2.75,2.076923077,16095.0,7976.0,939272.0483,3453.0,17529.0,16367.0,1368422.189,975.271,16.64,2.752,2.72,1,1,0.0,1,1,279.547,559.462,433.044,0.909733,EMCI
4426,0,1,1,1,0,0,1,1,1,0,1,1,1,0,77.2,0,16,0,0,0,6.860818261,0.921459125,5.5,16.0,24.0,28.0,29.0,4.0,7.0,100.0,4.0,21.0,2.375,1.333333333,1.428571429,2.4,1.166666667,2.0,1.743589744,2.75,1.666666667,1.142857143,1.8,1.833333333,1.75,1.846153846,101194.0,5793.0,1140681.049,3447.0,19822.0,21873.0,1816063.223,1165.82,102.102,2.587,2.111,1,1,0.0,1,1,412.702,622.348,542.828,9.79186,LMCI
4434,0,1,1,1,0,0,1,1,1,1,1,1,0,1,66.5,0,17,0,0,2,6.573654443,1.03929137,2.0,6.0,10.0,30.0,32.0,3.0,7.0,100.0,0.0,23.0,2.375,1.222222222,1.857142857,1.6,1.166666667,1.75,1.666666667,3.75,2.666666667,3.142857143,3.4,4.0,4.0,3.41025641,18533.0,7852.0,1017289.316,3673.0,17339.0,21914.0,1328521.207,1032.73,19.423,2.859,2.516,1,1,0.0,1,1,275.487,564.129,487.954,1.03103,EMCI
4443,0,1,1,1,1,1,1,0,1,1,1,0,1,0,67.9,0,12,0,0,0,6.44675956,0.998715212,0.5,6.0,8.0,29.0,53.0,11.0,0.0,0.0,0.0,28.0,2.125,1.888888889,1.285714286,1.4,1.166666667,1.5,1.615384615,2.125,1.0,1.0,1.0,1.166666667,2.0,1.358974359,28733.0,8587.0,1103751.024,3674.0,21551.0,22515.0,1510904.065,1116.84,30.578,3.17,2.965,1,1,0.0,1,1,303.529,595.799,515.662,2.9364,EMCI
4444,0,1,1,1,0,0,1,0,0,0,0,0,0,0,77.5,0,18,0,0,0,6.811323503,1.145177466,2.5,6.0,11.0,29.0,32.0,3.0,5.0,71.42857143,5.0,25.0,1.625,1.444444444,1.0,1.0,1.333333333,1.25,1.307692308,2.875,1.666666667,2.428571429,2.2,1.833333333,2.5,2.230769231,30690.0,6230.0,953268.0239,3709.0,19681.0,20550.0,1405171.409,968.811,31.961,2.21,2.185,1,1,0.0,1,1,324.281,560.624,438.512,4.6332,LMCI
4456,0,1,1,0,1,1,1,0,1,0,1,1,1,1,77.5,0,16,0,0,0,6.296843694,1.269159242,1.5,11.0,19.0,26.0,25.0,3.0,4.0,66.66666667,15.0,23.0,2.25,1.666666667,1.285714286,1.0,1.333333333,1.5,1.564102564,3.375,2.333333333,2.571428571,2.4,3.2,2.5,2.736842105,94854.0,6606.0,1059013.256,4368.0,19548.0,21064.0,1669238.423,1060.18,96.189,2.9,2.799,1,1,0.0,1,1,468.727,632.239,471.608,3.0156,LMCI
4462,0,1,1,1,1,1,1,1,0,0,1,0,1,1,71.3,0,18,0,0,0,5.54580794,1.36739503,1.0,14.0,23.0,30.0,31.0,3.0,7.0,87.5,0.0,22.0,2.5,1.111111111,1.142857143,1.4,1.166666667,1.75,1.512820513,2.25,1.25,1.285714286,1.5,1.0,1.0,1.444444444,61748.0,7008.0,1138913.151,2622.0,18041.0,22729.0,1773820.856,1152.01,63.157,2.977,2.843,1,1,0.0,1,1,424.813,651.484,542.22,5.496,LMCI
4463,1,1,0,0,1,1,1,0,1,1,0,1,1,0,66.5,0,13,0,0,0,6.530495829,0.978501436,1.0,3.0,7.0,28.0,40.0,8.0,6.0,54.54545455,0.0,23.0,3.25,2.333333333,1.0,1.2,1.666666667,2.5,2.051282051,2.25,2.333333333,1.0,1.75,1.6,3.0,1.9375,26749.0,6248.0,1049325.828,4034.0,16767.0,19175.0,1465919.76,1069.59,27.248,2.101,2.122,1,1,0.0,1,1,295.51,594.863,490.169,0.9828,EMCI
4465,1,1,1,1,0,0,1,1,1,1,0,0,1,1,61.1,1,16,0,0,0,6.87477322,1.033113595,2.0,4.0,8.0,28.0,48.0,8.0,1.0,7.692307692,4.0,25.0,1.571428571,1.777777778,1.0,1.0,1.5,2.5,1.558823529,1.25,1.111111111,1.142857143,1.0,2.0,1.25,1.263157895,7696.0,8274.0,1084236.566,3882.0,18806.0,24300.0,1464560.285,1092.9,8.004,2.917,3.009,1,1,0.0,1,1,277.598,593.302,509.016,0.504,EMCI
4467,2,1,1,1,0,1,1,0,1,0,1,1,1,1,61.9,1,12,0,0,0,6.462398668,1.361923041,0.5,13.0,18.0,27.0,35.0,5.0,7.0,100.0,0.0,24.0,2.625,2.111111111,1.571428571,1.2,1.0,1.5,1.769230769,1.75,1.0,1.0,1.2,1.0,1.0,1.179487179,12720.0,7627.0,1031603.682,3237.0,19458.0,18739.0,1377424.126,1054.93,13.511,2.97,2.364,1,1,0.0,1,1,268.213,587.21,450.65,1.12757,EMCI
4473,1,0,1,1,0,1,0,1,0,0,1,1,1,1,74.8,0,16,0,0,0,6.366989318,1.421583653,2.0,7.0,11.0,27.0,44.0,7.0,4.0,33.33333333,0.0,22.0,2.125,2.0,1.0,2.0,1.833333333,2.25,1.846153846,2.375,2.222222222,2.142857143,2.2,1.833333333,2.5,2.205128205,77138.0,9544.0,1193202.105,4413.0,21443.0,23745.0,1814768.073,1194.59,78.098,2.886,2.857,1,1,0.0,1,1,436.944,645.895,520.438,0.4572,EMCI
4475,1,1,1,0,1,1,0,0,0,1,1,0,1,0,83.9,0,14,0,0,0,5.383652509,1.068556202,2.0,14.0,22.0,26.0,19.0,1.0,4.0,100.0,9.0,17.0,1.125,1.555555556,1.0,1.2,1.166666667,1.5,1.256410256,3.0,2.444444444,1.8,1.4,2.5,3.5,2.459459459,50517.0,4666.0,955049.8987,2663.0,14884.0,17995.0,1554288.747,968.724,51.79,1.914,1.813,1,1,0.0,1,1,450.74,581.433,446.858,5.4492,EMCI
4476,0,1,1,1,0,0,0,1,1,1,1,1,1,1,88.6,0,11,0,5,0,6.363262585,0.994036773,2.5,7.0,8.0,30.0,28.0,2.0,5.0,83.33333333,11.0,22.0,1.375,1.555555556,1.285714286,1.2,1.5,2.25,1.487179487,3.5,1.888888889,2.0,2.2,3.4,2.0,2.5,36288.0,5787.0,937580.8683,3592.0,13960.0,17642.0,1376388.943,952.696,34.662,2.388,2.309,1,1,0.0,1,1,375.816,572.455,401.623,16.4376,EMCI
4494,2,1,0,0,1,0,0,0,0,0,1,0,1,1,71.1,0,12,0,0,0,5.888845323,1.27168719,5.5,16.0,26.0,25.0,25.0,3.0,4.0,66.66666667,9.0,21.0,2.75,2.333333333,1.0,1.2,1.0,1.25,1.717948718,3.0,2.777777778,3.142857143,3.4,2.166666667,4.0,3.0,26738.0,5629.0,1107747.528,2570.0,16849.0,25031.0,1485590.858,1100.35,26.52,2.201,2.095,0,0,1.0,7,0,335.092,632.429,471.639,28.9283,AD
4500,0,1,0,1,1,0,0,0,1,0,0,1,0,1,90.3,1,13,0,0,1,5.805547479,1.542529253,6.0,14.0,25.0,22.0,18.0,0.0,3.0,100.0,28.0,12.0,4.0,3.111111111,2.571428571,3.2,2.833333333,4.0,3.256410256,4.0,3.666666667,3.857142857,4.0,4.0,4.0,3.897435897,51859.0,6616.0,917992.1827,2808.0,15945.0,18818.0,1372271.213,933.795,51.023,2.887,2.535,1,1,0.0,1,1,309.577,510.373,405.904,25.4329,AD
4514,1,1,1,1,0,0,0,1,1,0,0,0,1,1,67.6,1,14,0,0,0,6.140504082,0.933340354,1.0,9.0,16.0,30.0,42.0,4.0,9.0,100.0,1.0,24.0,2.625,2.111111111,2.428571429,2.6,2.5,4.0,2.58974359,2.25,1.444444444,1.571428571,2.0,1.0,1.25,1.615384615,49024.0,8576.0,1027418.474,4241.0,17234.0,20548.0,1470558.242,1044.14,49.812,3.5,3.33,1,1,0.0,1,1,319.461,562.908,483.457,5.50791,EMCI
4521,1,1,1,1,0,1,0,0,1,1,0,0,0,0,70.0,0,18,0,0,0,5.736277765,1.593085586,3.0,11.0,18.0,27.0,27.0,3.0,5.0,71.42857143,11.0,23.0,2.625,1.777777778,1.0,1.6,1.666666667,2.0,1.794871795,3.5,2.125,2.571428571,2.4,2.8,2.5,2.675675676,25920.0,7027.0,1115380.707,3420.0,16401.0,20958.0,1602078.654,1126.3,26.742,3.124,2.682,1,1,0.0,1,1,376.526,605.45,505.309,2.2416,LMCI
4526,2,0,0,1,1,1,0,1,1,0,1,1,1,0,79.4,0,16,0,0,2,5.847545225,1.484586878,2.5,15.0,24.0,22.0,25.0,0.0,5.0,100.0,6.0,19.0,2.625,2.666666667,2.142857143,2.4,2.0,2.25,2.384615385,2.0,1.888888889,1.0,1.8,1.666666667,2.0,1.717948718,55032.0,4977.0,958398.6511,2883.0,16071.0,18466.0,1495804.917,976.855,56.043,2.269,1.744,1,1,0.0,1,1,348.452,561.991,419.339,4.4208,AD
4530,1,1,1,1,0,1,0,1,1,0,1,1,0,1,75.9,0,18,0,0,0,4.940966262,1.286939372,2.5,10.0,16.0,30.0,32.0,6.0,2.0,20.0,2.0,23.0,2.5,2.444444444,2.142857143,2.6,2.333333333,2.5,2.41025641,2.875,3.375,2.142857143,1.8,1.75,2.0,2.472222222,62746.0,6749.0,1083788.941,3381.0,13152.0,20506.0,1621407.392,1113.21,64.227,2.746,2.759,1,1,0.0,1,1,394.577,632.417,507.133,8.8956,EMCI
