RID,APOE4,rs429358,rs7412,rs2075650,rs12449237,rs3851179,rs4420638,rs7561528,rs17817600,rs3748140,rs12808148,rs6856768,rs117383358,rs1357692,ADAS11,ADAS13,AGE,AV45,CDRSB,EcogPtDivatt,EcogPtLang,EcogPtMem,EcogPtOrgan,EcogPtPlan,EcogPtTotal,EcogPtVisspat,EcogSPDivatt,EcogSPLang,EcogSPMem,EcogSPOrgan,EcogSPPlan,EcogSPTotal,EcogSPVisspat,Entorhinal,FAQ,FDG,Fusiform,Hippocampus,ICV,MMSE,MOCA,MidTemp,PTEDUCAT,PTETHCAT,PTGENDER,PTMARRY,PTRACCAT,RAVLT.forgetting,RAVLT.immediate,RAVLT.learning,RAVLT.perc.forgetting,Ventricles,WholeBrain,BRAINVOL,VENTVOL,HIPPOVOL_R,HIPPOVOL_L,SIDE,SIZE,INFARCT_NUMBER,BRAIN_REGION,STROKE_TYPE,CSF,GRAY,WHITE,WHITMATHYP,DX.bl
4010,0,0,0,1,0,0,0,0,0,1,0,0,0,1,6.0,8.0,70.8,1.366563604,0.0,1.75,1.444444444,1.714285714,1.5,1.0,1.394736842,1.0,1.0,1.0,1.125,1.0,1.0,1.025641026,1.0,3892.0,0.0,6.658587407,18787.0,5796.0,1308117.735,29.0,25.0,18141.0,18,0,1,0,0,5.0,53.0,7.0,38.46153846,31817.0,911317.1206,923.73,32.754,1.995,1.704,0,0,0.0,0,0,232.162,501.029,396.328,0.63,CN
4014,0,1,0,0,0,1,1,0,0,0,0,0,0,0,7.0,10.0,80.7,1.585533579,0.0,2.0,1.222222222,2.0,2.0,1.2,1.564102564,1.142857143,1.75,1.333333333,2.75,2.666666667,2.0,1.948717949,1.285714286,3615.0,1.0,6.690369844,24680.0,8363.0,1762990.303,29.0,21.0,24299.0,16,0,0,1,0,4.0,36.0,3.0,50.0,56476.0,1144899.23,1165.74,57.441,3.095,2.523,0,0,0.0,0,0,401.878,675.967,489.896,3.1344,CN
4018,0,1,0,0,0,0,0,0,0,0,0,1,0,0,9.0,16.0,76.1,0.903773838,0.0,1.75,1.111111111,2.0,1.0,1.2,1.333333333,1.0,1.25,1.777777778,1.625,1.0,1.4,1.384615385,1.0,3580.0,0.0,6.978783025,17237.0,7843.0,1534348.907,29.0,24.0,21861.0,18,0,0,0,0,6.0,38.0,5.0,60.0,33175.0,1056435.572,1063.38,33.681,3.182,3.035,0,0,0.0,0,0,319.954,579.528,496.451,8.62328,CN
4020,0,1,1,1,0,0,0,0,1,1,1,0,0,0,7.0,10.0,66.5,1.004155695,0.0,1.0,1.444444444,1.25,1.0,1.0,1.153846154,1.0,1.0,1.0,1.0,1.0,1.0,1.0,1.0,4042.0,0.0,6.582887194,22013.0,8221.0,1596148.121,29.0,25.0,23939.0,16,0,0,0,0,8.0,33.0,4.0,100.0,18846.0,1197591.276,1223.36,19.515,3.179,3.19,0,0,0.0,0,0,303.752,624.653,573.262,5.7984,CN
4021,0,0,0,0,0,1,0,0,1,0,0,0,1,0,2.0,4.0,66.5,0.951278772,0.0,1.0,1.0,1.0,1.166666667,1.0,1.025641026,1.0,1.0,1.0,1.0,1.0,1.0,1.0,1.0,3696.0,0.0,6.638183056,20021.0,7841.0,1630493.917,29.0,26.0,20721.0,20,0,0,0,2,12.0,58.0,8.0,92.30769231,50946.0,1144968.268,1117.1,50.962,2.825,2.564,0,0,0.0,0,0,320.444,558.686,517.972,1.4652,CN
4026,0,1,1,0,0,0,0,0,0,0,0,0,1,0,6.0,10.0,73.5,1.22726557,0.0,3.5,1.444444444,2.5,1.833333333,1.2,1.923076923,1.571428571,1.5,1.111111111,1.25,1.0,1.0,1.135135135,1.0,3658.0,0.0,6.127775849,20680.0,7440.0,1610298.246,29.0,24.0,22280.0,16,0,0,1,0,4.0,53.0,7.0,30.76923077,41798.0,1089850.787,1102.48,44.012,2.489,2.549,0,0,0.0,0,0,337.758,583.979,489.427,6.35383,CN
4028,0,0,0,0,0,0,0,0,0,0,0,0,0,1,3.0,5.0,63.5,1.068582641,0.0,1.0,1.0,1.125,1.0,1.0,1.026315789,1.0,1.0,1.0,1.0,1.0,1.0,1.0,1.0,3579.0,0.0,6.85971963,18751.0,6615.0,1257475.402,30.0,30.0,18535.0,18,0,1,4,0,1.0,52.0,3.0,9.090909091,9058.0,999037.4199,1030.06,9.674,2.7,2.353,0,0,0.0,0,0,228.808,511.272,469.538,5.6748,CN
4032,0,0,0,0,0,0,1,0,0,0,0,0,0,0,3.0,5.0,70.2,1.014291891,0.0,1.75,1.222222222,1.625,1.0,1.0,1.307692308,1.285714286,1.0,1.0,1.0,1.0,1.0,1.0,1.0,3141.0,0.0,6.598974037,16056.0,6869.0,1262875.649,30.0,29.0,18529.0,14,0,1,0,0,3.0,56.0,4.0,23.07692308,15418.0,902834.4578,931.072,15.423,2.444,2.149,0,0,0.0,0,0,267.204,483.085,394.219,1.1088,CN
4037,0,0,0,0,0,0,1,0,1,0,0,0,0,1,11.0,16.0,75.6,0.89679292,0.0,1.75,1.444444444,1.875,1.0,1.0,1.358974359,1.0,1.0,1.222222222,1.625,1.0,1.0,1.184210526,1.0,4563.0,1.0,6.662214389,21372.0,8290.0,1738838.261,27.0,25.0,20067.0,16,0,0,0,0,4.0,30.0,2.0,57.14285714,36966.0,1208548.158,1243.9,38.367,3.205,2.989,0,0,0.0,0,0,351.571,684.09,583.057,0.6288,CN
4041,0,0,0,0,0,0,0,1,1,0,0,1,0,0,7.0,12.0,77.9,0.992206587,0.0,1.5,1.111111111,1.375,1.333333333,1.0,1.230769231,1.142857143,2.0,1.0,1.875,2.333333333,1.2,1.58974359,1.428571429,2350.0,0.0,6.384312681,15820.0,5307.0,1229438.918,30.0,26.0,16502.0,18,0,1,1,0,8.0,55.0,5.0,61.53846154,23431.0,825502.1604,841.214,23.838,1.675,2.037,0,0,0.0,0,0,277.252,494.321,334.417,0.2412,CN
4043,0,0,1,0,1,1,0,0,0,0,0,1,0,0,3.0,6.0,82.1,0.926692079,0.0,1.25,1.0,1.0,1.0,1.0,1.027027027,1.0,1.0,1.0,1.0,1.0,1.0,1.0,1.0,4370.0,0.0,7.488301434,17855.0,7951.0,1579136.48,29.0,26.0,19796.0,20,0,0,0,0,7.0,35.0,4.0,77.77777778,31957.0,1087105.435,1098.43,32.999,3.208,3.107,0,0,0.0,0,0,308.609,568.181,523.384,1.6188,CN
4050,0,0,0,0,0,0,0,1,0,0,0,0,0,0,5.0,10.0,77.0,0.958424738,0.0,1.0,1.111111111,1.333333333,1.5,1.0,1.25,1.5,1.5,1.222222222,1.5,1.2,1.4,1.289473684,1.0,3632.0,0.0,6.479337037,19215.0,6888.0,1597300.736,24.0,24.0,18226.0,19,0,0,0,0,2.0,34.0,3.0,25.0,42004.0,1102085.69,1114.54,43.036,2.686,2.647,0,0,0.0,0,0,336.893,588.264,523.658,8.24577,CN
4060,0,0,0,1,0,0,1,0,0,0,0,1,1,0,8.0,10.0,84.4,1.094592754,0.0,2.0,1.555555556,1.125,1.0,1.0,1.256410256,1.0,1.25,1.333333333,1.75,1.0,1.0,1.27027027,1.0,4758.0,0.0,6.529045741,17262.0,7902.0,1568259.651,30.0,26.0,21261.0,18,0,0,0,0,3.0,52.0,4.0,27.27272727,41246.0,1093461.135,1111.38,42.916,2.968,2.976,0,0,0.0,0,0,316.0,591.829,496.09,15.6528,CN
4066,0,0,0,0,1,1,0,0,1,0,0,0,0,0,3.0,4.0,78.7,1.019522349,0.0,1.0,1.0,1.25,1.0,1.0,1.051282051,1.0,1.0,1.0,1.0,1.0,1.0,1.0,1.0,3239.0,0.0,6.998545246,18757.0,5900.0,1396026.756,29.0,29.0,16903.0,18,0,1,0,0,1.0,51.0,6.0,7.692307692,54990.0,894849.5861,916.28,56.216,2.2,1.906,0,0,0.0,0,0,328.357,514.165,393.174,0.5232,CN
4075,1,0,1,0,0,0,1,0,0,0,0,0,0,0,7.0,10.0,73.4,0.972550353,0.0,1.25,1.222222222,1.5,1.166666667,1.0,1.205128205,1.0,1.75,1.222222222,2.0,1.0,1.2,1.358974359,1.0,4400.0,0.0,5.388929959,19676.0,7150.0,1557966.853,29.0,26.0,21217.0,16,0,0,0,0,5.0,40.0,5.0,50.0,29921.0,1096883.472,1113.03,31.656,2.592,2.588,0,0,0.0,0,0,294.241,588.868,511.462,3.09549,CN
4076,0,1,0,1,0,0,0,0,1,0,0,0,0,1,3.0,5.0,72.6,1.045330916,0.0,1.0,1.0,1.125,1.0,1.0,1.025641026,1.0,1.0,1.0,1.0,1.0,1.0,1.0,1.0,3652.0,0.0,6.983563202,19715.0,7191.0,1504644.944,30.0,27.0,18260.0,20,0,1,0,0,0.0,45.0,4.0,0.0,30335.0,988806.1378,1011.25,32.335,2.466,2.48,0,0,0.0,0,0,336.196,573.296,454.931,1.374,CN
4080,0,0,0,0,0,1,0,0,1,0,0,0,0,1,7.0,12.0,78.6,1.084723291,0.0,1.0,1.125,1.25,1.0,1.0,1.083333333,1.0,1.0,1.111111111,1.142857143,1.0,1.0,1.054054054,1.0,4122.0,0.0,7.031709232,18271.0,6716.0,1400695.139,28.0,25.0,19417.0,16,0,1,1,0,9.0,31.0,7.0,100.0,42088.0,979186.284,992.294,43.863,2.498,2.418,0,0,0.0,0,0,289.41,527.66,448.498,1.8096,CN
4081,1,0,0,0,0,0,0,0,0,0,1,1,0,0,5.0,9.0,72.7,1.498959778,0.0,1.0,1.333333333,1.428571429,1.0,1.0,1.210526316,1.285714286,2.0,1.5,1.75,1.0,1.2,1.421052632,1.142857143,3163.0,0.0,6.446712328,15981.0,6116.0,1164603.305,28.0,28.0,19424.0,12,0,1,1,0,3.0,34.0,6.0,30.0,25561.0,862980.1967,852.311,26.125,2.148,2.292,0,0,0.0,0,0,261.73,481.599,355.274,4.38157,CN
4082,1,0,1,0,0,0,1,0,0,0,1,0,0,0,2.0,4.0,75.4,0.982974844,0.0,1.5,1.333333333,2.5,1.333333333,1.2,1.564102564,1.285714286,1.75,1.111111111,1.625,1.166666667,1.4,1.358974359,1.285714286,4194.0,0.0,6.849439279,21504.0,7910.0,1838448.563,30.0,25.0,23511.0,17,0,0,0,0,6.0,52.0,9.0,40.0,58892.0,1272812.665,1286.92,60.254,3.233,3.142,0,0,0.0,0,0,421.801,699.004,613.55,9.2916,CN
4084,0,1,0,0,0,0,0,0,0,1,1,0,0,0,8.0,10.0,68.4,1.014072257,0.0,1.0,1.111111111,1.125,1.166666667,1.0,1.076923077,1.0,1.0,1.0,1.0,1.0,1.0,1.0,1.0,3731.0,0.0,6.822142035,18010.0,8888.0,1518086.502,30.0,28.0,23907.0,18,0,1,1,0,1.0,46.0,4.0,9.090909091,11490.0,1098218.997,1117.84,12.159,2.949,2.85,0,0,0.0,0,0,285.262,593.075,491.213,2.5896,CN
4090,0,0,0,0,0,1,0,0,0,1,0,0,0,1,7.0,10.0,71.4,1.089095162,0.0,1.0,1.0,1.0,1.0,1.0,1.0,1.0,1.0,1.0,1.0,1.0,1.0,1.0,1.0,4288.0,0.0,6.731089608,19173.0,8108.0,1508970.692,30.0,25.0,21265.0,20,0,0,0,0,3.0,33.0,7.0,33.33333333,26793.0,1078221.666,1093.83,27.326,2.794,2.949,0,0,0.0,0,0,267.265,583.96,503.621,2.67769,CN
4092,0,1,0,0,0,0,0,0,0,0,0,1,0,0,7.0,14.0,81.5,1.259573119,0.0,1.75,1.222222222,1.875,1.0,1.0,1.307692308,1.0,2.0,1.0,1.25,1.0,1.0,1.131578947,1.0,3361.0,0.0,6.042218893,20706.0,6832.0,1513195.409,29.0,26.0,19216.0,14,0,1,1,0,7.0,42.0,0.0,77.77777778,42644.0,1051502.99,1059.77,43.525,2.676,2.451,0,0,0.0,0,0,323.321,593.979,442.709,13.3083,CN
4093,0,0,0,0,1,0,0,0,1,0,0,0,1,0,6.0,11.0,70.0,1.126953446,0.0,1.25,1.222222222,1.25,1.0,1.0,1.128205128,1.0,2.0,1.666666667,2.0,1.0,1.0,1.513513514,1.142857143,4015.0,0.0,5.982528223,19745.0,7079.0,1670390.118,29.0,26.0,20742.0,16,0,1,0,0,3.0,56.0,3.0,25.0,102422.0,1110262.492,1127.05,103.635,2.96,2.846,0,0,0.0,0,0,381.936,619.408,487.775,7.7988,CN
4097,0,0,0,0,0,0,0,0,0,1,0,1,0,1,6.0,10.0,70.8,1.091807394,0.0,1.0,1.0,1.0,1.0,1.0,1.0,1.0,1.0,1.0,1.0,1.0,1.0,1.0,1.0,3262.0,0.0,6.639305269,15366.0,7632.0,1238293.28,30.0,28.0,19891.0,16,1,1,2,0,5.0,46.0,7.0,41.66666667,9745.0,985159.1276,993.17,10.656,3.145,2.966,0,0,0.0,0,0,258.901,538.699,460.79,1.07064,CN
4100,0,0,0,1,0,0,1,0,0,0,0,0,0,0,4.0,7.0,78.5,1.306091734,0.0,1.0,2.0,2.125,1.166666667,1.2,1.564102564,1.285714286,1.0,1.0,1.0,1.0,1.0,1.0,1.0,3245.0,0.0,6.361140114,19459.0,7187.0,1535704.563,28.0,27.0,21464.0,12,0,1,1,0,3.0,48.0,4.0,27.27272727,57649.0,1044911.582,1060.09,57.776,2.605,2.631,0,0,0.0,0,0,339.252,608.792,388.861,56.022,CN
4103,0,0,1,0,0,0,0,0,0,0,0,1,1,0,8.0,13.0,70.9,1.038229158,0.0,1.25,1.555555556,1.875,1.5,1.0,1.41025641,1.0,2.0,1.0,1.0,1.0,1.0,1.102564103,1.0,3224.0,0.0,6.339054375,15830.0,5653.0,1212641.498,29.0,24.0,16878.0,20,0,0,0,0,3.0,42.0,7.0,21.42857143,28858.0,847861.0948,873.974,30.212,2.024,2.008,0,0,0.0,0,0,229.16,466.175,398.068,1.5168,CN
4104,0,1,0,0,1,0,1,0,0,0,0,0,1,0,3.0,4.0,72.4,0.940124529,0.5,2.0,2.0,2.5,1.833333333,2.0,2.076923077,2.0,1.75,1.111111111,1.5,1.166666667,1.4,1.282051282,1.0,4254.0,5.0,7.578768245,17716.0,6837.0,1447061.547,30.0,24.0,20915.0,20,0,0,0,0,6.0,34.0,5.0,60.0,24545.0,1030304.508,1051.47,24.528,2.677,2.625,0,0,0.0,0,0,337.23,591.565,455.904,1.344,CN
4119,0,1,0,0,0,0,1,0,1,1,0,0,0,0,10.0,12.0,79.3,1.000419497,0.0,1.0,1.333333333,1.75,1.0,1.0,1.282051282,1.285714286,1.0,1.111111111,1.625,1.0,1.0,1.179487179,1.142857143,4204.0,0.0,6.605702294,22128.0,7274.0,1546641.936,30.0,27.0,21497.0,20,0,0,0,0,6.0,33.0,3.0,75.0,38806.0,1115135.407,1133.98,40.072,2.736,2.61,0,0,0.0,0,0,359.862,639.79,530.416,1.80709,CN
4120,0,0,0,0,0,0,1,0,0,1,0,1,0,0,10.0,19.0,81.8,1.318952267,0.0,2.0,2.0,1.5,1.333333333,1.4,1.692307692,1.857142857,1.0,1.0,1.0,1.0,1.0,1.0,1.0,3724.0,0.0,6.099512185,17634.0,7154.0,1447417.34,30.0,24.0,17262.0,17,0,1,2,0,8.0,39.0,4.0,80.0,35650.0,974470.7093,1001.11,36.167,2.61,2.709,0,0,0.0,0,0,305.63,556.801,420.862,4.7016,CN
4121,0,0,0,0,0,0,0,0,0,0,0,1,0,1,5.0,9.0,89.0,0.946509929,0.0,1.25,1.333333333,1.375,1.333333333,1.0,1.256410256,1.142857143,1.25,1.222222222,1.375,1.5,1.0,1.256410256,1.142857143,4113.0,0.0,5.475719829,19714.0,6456.0,1382468.977,27.0,19.0,18757.0,16,0,0,1,0,3.0,31.0,3.0,42.85714286,32628.0,961057.2446,975.905,33.905,2.105,2.03,0,0,0.0,0,0,336.61,547.731,458.774,4.0511,CN
4125,1,0,0,0,0,0,0,0,0,0,0,0,0,0,10.0,19.0,75.8,0.94538855,0.0,1.5,1.777777778,1.375,1.0,1.0,1.461538462,1.857142857,1.0,1.444444444,1.375,1.333333333,1.4,1.282051282,1.0,3412.0,0.0,6.523659845,19235.0,6948.0,1289003.308,30.0,24.0,19776.0,12,0,1,0,0,8.0,50.0,6.0,66.66666667,28576.0,929172.5961,943.254,29.504,2.695,2.472,0,0,0.0,0,0,246.794,526.738,401.334,1.8468,CN
4139,0,0,0,0,0,0,0,0,0,0,0,0,0,0,19.0,23.0,70.5,1.017773293,0.0,1.0,1.111111111,1.125,1.0,1.0,1.051282051,1.0,1.0,1.0,1.0,1.0,1.0,1.0,1.0,3001.0,0.0,7.24636825,16867.0,6289.0,1247350.648,29.0,20.0,16225.0,17,0,1,0,0,3.0,31.0,4.0,42.85714286,16297.0,887360.3304,890.801,17.225,2.358,2.22,0,0,0.0,0,0,251.48,502.639,384.907,0.484546,CN
4155,1,0,0,0,1,0,1,0,0,0,0,0,0,1,4.0,7.0,77.6,1.683183986,0.0,1.0,1.111111111,1.25,1.0,1.0,1.102564103,1.142857143,1.0,1.333333333,1.0,1.0,1.0,1.076923077,1.0,3436.0,0.0,6.855767187,17198.0,7217.0,1352182.609,28.0,22.0,18649.0,14,0,1,1,0,5.0,38.0,4.0,50.0,20708.0,936922.4943,958.509,21.561,2.917,2.601,0,0,0.0,0,0,270.037,529.89,403.102,2.544,CN
4158,0,0,1,0,0,1,0,0,1,0,0,1,0,0,6.0,8.0,84.3,0.957170477,0.0,1.5,1.333333333,1.625,1.0,1.0,1.282051282,1.142857143,1.0,1.333333333,1.5,1.0,1.0,1.230769231,1.285714286,3820.0,0.0,6.566254671,16568.0,6104.0,1425430.724,30.0,29.0,17266.0,18,0,0,0,0,4.0,45.0,8.0,30.76923077,36249.0,957491.7683,973.836,37.24,2.704,2.521,2,1,1.0,4,1,360.413,543.457,420.395,1.42694,CN
4164,0,1,0,0,1,0,0,1,0,1,0,0,0,0,6.0,11.0,72.6,0.971177789,0.0,1.0,1.111111111,1.125,1.0,1.0,1.051282051,1.0,1.0,1.0,1.0,1.0,1.0,1.0,1.0,4181.0,0.0,7.113309814,20176.0,7610.0,1634194.17,30.0,30.0,19343.0,12,0,0,0,0,3.0,42.0,6.0,27.27272727,39270.0,1112889.79,1157.25,41.412,2.785,2.615,0,0,0.0,0,0,340.628,602.823,559.96,3.15823,CN
4173,0,0,0,0,0,0,0,0,0,0,1,0,1,0,4.0,7.0,69.8,1.09693166,0.0,1.0,1.0,1.375,1.166666667,1.0,1.102564103,1.0,1.25,1.111111111,1.25,1.166666667,1.2,1.205128205,1.285714286,2518.0,0.0,6.520795072,18044.0,6820.0,1313167.774,30.0,28.0,20052.0,12,0,1,1,0,3.0,49.0,11.0,20.0,15987.0,961262.7373,982.575,16.454,2.422,2.462,0,0,0.0,0,0,241.097,527.938,428.314,2.6412,CN
4174,1,0,1,0,0,0,0,0,0,0,0,0,0,0,3.0,5.0,73.7,1.506131715,0.0,1.75,1.444444444,1.285714286,1.0,1.2,1.27027027,1.0,1.5,1.0,1.25,1.166666667,1.2,1.205128205,1.285714286,3409.0,0.0,6.715303064,18139.0,8240.0,1360723.632,29.0,30.0,20473.0,18,0,1,0,0,4.0,45.0,3.0,40.0,13582.0,1036764.61,1052.94,14.275,2.998,2.876,0,0,0.0,0,0,273.973,602.63,436.89,1.73663,CN
4177,0,1,0,1,0,1,0,0,0,1,0,1,0,0,8.0,14.0,84.9,1.024554352,0.0,1.0,1.111111111,1.25,1.0,1.0,1.076923077,1.0,1.25,1.222222222,1.75,1.333333333,1.0,1.282051282,1.0,4559.0,0.0,7.671485055,16645.0,8873.0,1683433.383,30.0,25.0,24240.0,20,0,0,0,0,6.0,42.0,7.0,50.0,47203.0,1121694.948,1140.26,47.498,3.749,3.459,1,1,1.0,5,1,394.27,634.951,509.717,13.512,CN
4179,2,0,0,0,0,0,1,0,0,1,1,0,0,1,9.0,12.0,83.0,1.524314313,0.0,2.0,1.0,1.375,1.333333333,1.0,1.230769231,1.0,1.0,1.0,1.0,1.0,1.0,1.0,1.0,3922.0,0.0,6.68925615,21256.0,7030.0,1652765.186,30.0,23.0,22235.0,20,0,0,0,0,5.0,37.0,7.0,45.45454545,59606.0,1141145.121,1151.69,61.008,2.943,2.961,0,0,0.0,0,0,372.884,646.066,486.976,24.4584,CN
4198,1,0,0,0,1,0,0,1,0,1,0,1,1,0,3.0,6.0,78.4,1.404176567,0.0,1.0,1.222222222,1.375,1.0,1.0,1.153846154,1.142857143,1.0,1.222222222,1.25,1.0,1.0,1.102564103,1.0,3172.0,0.0,6.389325058,17010.0,6725.0,1383123.985,30.0,28.0,20446.0,16,0,1,0,0,3.0,53.0,7.0,23.07692308,40868.0,977790.8308,982.175,41.428,2.742,2.37,0,0,0.0,0,0,300.384,515.798,455.958,2.44576,CN
4200,0,0,1,0,0,0,0,0,0,0,1,1,1,0,4.0,5.0,70.2,1.065574855,0.0,1.5,1.444444444,1.5,1.5,1.4,1.487179487,1.571428571,2.0,1.0,1.0,1.0,1.4,1.153846154,1.0,4056.0,0.0,7.3076009,16269.0,8227.0,1502424.707,30.0,29.0,22422.0,18,0,1,2,0,1.0,60.0,7.0,6.666666667,18864.0,1059271.482,1076.47,20.496,3.214,3.036,0,0,0.0,0,0,291.425,572.839,479.888,2.766,CN
4208,0,0,0,0,1,0,0,0,0,0,0,0,0,0,5.0,9.0,78.2,0.984512722,0.0,2.25,1.222222222,2.0,1.0,1.6,1.487179487,1.142857143,1.0,1.222222222,1.25,1.0,1.0,1.102564103,1.0,4184.0,0.0,6.230007056,23049.0,6615.0,1648381.332,30.0,29.0,22425.0,20,0,0,0,0,0.0,62.0,8.0,0.0,58111.0,1087081.051,1100.9,61.253,2.49,2.429,0,0,0.0,0,0,366.24,609.46,497.226,4.6752,CN
4213,0,0,0,0,0,0,0,0,0,0,0,0,0,0,7.0,8.0,78.0,0.964033293,0.0,1.0,1.222222222,1.5,1.0,1.0,1.179487179,1.142857143,1.0,1.111111111,1.0,1.0,1.0,1.025641026,1.0,4413.0,0.0,6.486526312,18023.0,7502.0,1501286.149,28.0,21.0,19310.0,14,0,1,1,0,1.0,55.0,8.0,7.692307692,33224.0,994096.9569,1012.16,33.194,2.587,2.825,0,0,0.0,0,0,319.45,570.439,419.369,1.23873,CN
4218,0,0,0,0,0,0,0,0,0,0,0,1,0,0,10.0,14.0,80.7,0.977485352,0.5,2.0,1.777777778,1.5,1.666666667,1.4,1.58974359,1.285714286,1.0,1.0,1.25,1.0,1.0,1.052631579,1.0,4052.0,0.0,6.10019211,21805.0,7573.0,1697452.629,29.0,27.0,22888.0,16,0,0,0,0,7.0,34.0,6.0,70.0,64263.0,1099396.742,1112.56,64.69,2.762,2.718,0,0,0.0,0,0,428.947,644.762,450.623,4.8756,CN
4222,1,0,0,0,0,0,0,0,0,0,0,0,0,0,8.0,13.0,82.3,1.011215038,0.0,2.5,1.777777778,1.875,2.166666667,1.0,1.692307692,1.0,1.0,1.0,1.0,1.5,1.0,1.054054054,1.0,2372.0,0.0,6.17579916,16399.0,5160.0,1354097.528,30.0,24.0,19630.0,16,0,1,0,0,3.0,36.0,6.0,30.0,57288.0,950071.0345,960.761,57.832,2.088,1.734,0,0,0.0,0,0,348.6,546.332,391.807,7.6476,CN
4224,0,0,0,1,0,0,1,0,0,0,0,0,0,1,3.0,3.0,75.1,1.026821091,0.0,1.0,1.222222222,1.25,1.0,1.0,1.102564103,1.0,1.0,1.222222222,1.25,1.0,1.0,1.102564103,1.0,3358.0,0.0,6.51894816,19941.0,7551.0,1614879.832,29.0,29.0,21573.0,20,0,0,0,0,1.0,58.0,10.0,6.666666667,33670.0,1125719.261,1127.43,35.466,2.608,2.5,0,0,0.0,0,0,286.57,590.073,536.294,5.04436,CN
4225,1,0,0,0,0,0,0,0,0,0,1,0,0,0,6.0,11.0,69.9,1.495188989,0.0,1.0,1.0,1.0,1.0,1.0,1.0,1.0,1.0,1.0,1.25,1.0,1.0,1.051282051,1.0,4104.0,0.0,7.230393676,23170.0,8762.0,1906705.22,28.0,25.0,29435.0,20,0,0,0,0,4.0,44.0,10.0,30.76923077,39319.0,1280618.048,1346.7,39.404,3.125,3.164,0,0,0.0,0,0,380.632,706.397,592.165,2.1252,CN
4262,0,0,0,0,0,0,0,1,0,0,1,0,0,0,7.0,9.0,72.8,1.5169627,0.0,1.5,1.666666667,2.0,1.0,1.4,1.487179487,1.142857143,1.25,1.111111111,1.25,1.0,1.2,1.128205128,1.0,3738.0,1.0,6.293903428,16215.0,7135.0,1552877.076,29.0,27.0,20776.0,16,0,1,0,0,2.0,52.0,9.0,13.33333333,61364.0,969296.8015,1001.79,61.358,2.502,2.59,0,0,0.0,0,0,395.617,575.59,394.643,8.3988,CN
4266,1,0,0,0,1,0,0,0,1,0,1,0,0,0,3.0,4.0,69.8,1.439107734,0.0,1.5,1.888888889,2.125,1.0,1.0,1.512820513,1.142857143,1.0,1.0,1.25,1.0,1.0,1.054054054,1.0,3745.0,0.0,5.806758718,19493.0,7636.0,1483137.539,30.0,28.0,22254.0,14,0,1,0,0,4.0,54.0,7.0,28.57142857,18597.0,1148016.807,1165.68,19.627,2.9,2.929,0,0,0.0,0,0,254.037,572.866,558.358,2.07834,CN
4269,0,0,1,0,0,0,0,0,0,0,0,0,1,0,3.0,6.0,65.6,1.000909768,0.0,2.0,1.555555556,2.25,1.5,1.6,1.717948718,1.428571429,1.0,1.0,1.125,1.0,1.0,1.025641026,1.0,5292.0,0.0,6.661747928,17183.0,8802.0,1501148.794,30.0,27.0,19385.0,20,0,1,0,0,3.0,59.0,6.0,21.42857143,29098.0,1044255.14,1083.46,28.662,3.451,3.563,0,0,0.0,0,0,303.294,542.489,485.949,3.00739,CN
4270,1,0,0,0,0,1,0,0,1,0,0,0,0,0,5.0,7.0,74.6,1.641173809,0.0,1.0,1.222222222,1.25,1.0,1.0,1.102564103,1.0,1.25,1.0,1.375,1.0,1.0,1.105263158,1.0,2978.0,0.0,6.834569803,19234.0,6604.0,1501943.484,28.0,24.0,19372.0,16,0,1,0,0,4.0,51.0,11.0,26.66666667,32832.0,1039379.916,1063.12,33.722,2.187,2.145,0,0,0.0,0,0,253.518,557.517,494.693,3.75757,CN
4275,0,0,0,1,0,1,0,1,0,1,0,0,1,0,6.0,10.0,72.8,0.905992509,0.0,2.0,1.777777778,1.625,1.0,1.0,1.461538462,1.285714286,1.0,1.111111111,1.375,1.0,1.0,1.102564103,1.0,4084.0,0.0,6.547328414,18794.0,7864.0,1641200.803,29.0,26.0,25071.0,18,0,0,0,0,5.0,48.0,4.0,50.0,44838.0,1230922.767,1223.2,46.058,3.199,3.002,0,0,0.0,0,0,325.567,654.721,579.806,7.8695,CN
4276,1,0,0,1,0,0,0,1,0,0,0,0,1,0,5.0,9.0,73.9,0.916674664,0.0,1.0,1.0,1.5,1.0,1.0,1.128205128,1.142857143,1.0,1.0,1.0,1.0,1.0,1.0,1.0,3402.0,0.0,6.655253359,18461.0,7150.0,1454782.231,29.0,25.0,18366.0,12,0,1,0,0,3.0,45.0,8.0,23.07692308,24554.0,1036301.244,1059.65,24.805,2.608,2.532,0,0,0.0,0,0,273.733,550.21,475.239,3.25842,CN
4288,0,1,0,1,0,0,1,0,0,1,0,0,0,0,3.0,7.0,72.5,1.129781532,0.0,1.25,1.444444444,1.25,1.333333333,1.2,1.307692308,1.285714286,1.5,1.111111111,1.0,1.333333333,1.0,1.153846154,1.142857143,3507.0,0.0,7.919875629,15159.0,7636.0,1227044.401,29.0,26.0,18984.0,14,0,1,0,0,6.0,51.0,10.0,40.0,25035.0,918889.1973,929.783,25.315,2.633,2.55,0,0,0.0,0,0,282.072,511.48,409.371,8.1418,CN
4291,0,0,1,0,0,0,0,0,1,1,0,0,0,0,3.0,6.0,75.5,1.369567154,0.0,1.0,1.333333333,1.75,1.166666667,1.0,1.256410256,1.0,1.0,1.0,1.0,1.0,1.0,1.0,1.0,3760.0,0.0,5.896967066,17701.0,6691.0,1363381.211,30.0,26.0,18124.0,20,0,1,0,0,3.0,61.0,7.0,20.0,61111.0,923159.3683,920.505,62.202,2.474,2.317,0,0,0.0,0,0,305.203,536.178,385.432,5.7444,CN
4292,0,0,0,0,0,0,0,0,0,0,1,1,0,0,10.0,12.0,70.9,1.08014848,0.0,1.75,1.555555556,1.375,1.5,1.2,1.384615385,1.0,3.5,1.0,1.25,2.0,1.2,1.486486486,1.0,4108.0,1.0,7.725127398,16927.0,7754.0,1459216.429,28.0,25.0,20504.0,15,0,0,0,0,5.0,42.0,5.0,45.45454545,24627.0,1038444.073,1055.11,25.303,2.876,2.684,0,0,0.0,0,0,264.917,538.398,493.212,2.076,CN
4308,0,0,1,0,0,0,1,1,0,1,0,0,0,1,8.0,13.0,74.0,1.03138188,0.0,1.0,1.555555556,2.25,1.8,1.2,1.526315789,1.0,1.0,1.0,1.25,1.0,1.0,1.052631579,1.0,4304.0,0.0,5.979499023,21977.0,7888.0,1717201.872,30.0,27.0,22022.0,16,0,0,0,0,7.0,27.0,5.0,87.5,54972.0,1099660.829,1130.01,55.946,3.003,2.991,0,0,0.0,0,0,420.589,721.926,432.29,1.07988,CN
4313,1,0,0,0,0,0,0,0,0,1,0,0,0,0,7.0,12.0,77.0,0.914030543,0.0,1.5,1.666666667,1.875,1.0,1.0,1.512820513,1.714285714,1.0,1.0,1.0,1.0,1.0,1.0,1.0,3697.0,0.0,6.478240521,14000.0,8026.0,1474483.842,25.0,24.0,22478.0,18,0,1,0,0,4.0,43.0,7.0,33.33333333,26655.0,1052894.071,1081.96,27.053,2.849,2.763,2,1,1.0,6,1,300.163,580.38,465.09,5.9652,CN
4320,0,0,1,0,0,0,0,0,0,0,1,0,0,0,3.0,4.0,70.7,1.204792511,0.0,1.0,1.222222222,1.25,1.0,1.0,1.102564103,1.0,1.0,1.0,1.25,1.0,1.0,1.058823529,1.0,3650.0,0.0,7.408802257,16239.0,8697.0,1498350.088,30.0,28.0,22074.0,12,0,1,0,0,3.0,52.0,7.0,21.42857143,40036.0,1031259.713,1039.32,41.443,3.289,3.103,0,0,0.0,0,0,366.286,609.559,443.192,2.4828,CN
4335,0,0,0,0,0,0,0,0,0,0,0,0,1,0,7.0,10.0,71.7,1.231497875,0.0,1.25,1.222222222,1.5,1.333333333,1.0,1.230769231,1.0,1.25,1.0,1.375,1.166666667,1.2,1.153846154,1.0,4426.0,0.0,6.796866414,21203.0,8184.0,1424445.065,30.0,27.0,22808.0,15,0,1,0,0,2.0,56.0,8.0,14.28571429,17761.0,1087374.922,1098.99,17.832,2.948,2.972,0,0,0.0,0,0,281.438,597.884,485.106,3.71443,CN
4337,0,0,0,0,0,0,0,0,0,0,0,0,0,0,9.0,15.0,72.0,1.007312457,0.0,1.0,1.0,1.333333333,1.0,1.0,1.060606061,1.0,1.25,1.222222222,1.375,1.0,1.4,1.324324324,1.571428571,4658.0,1.0,6.352464177,17276.0,7918.0,1516818.494,26.0,22.0,22624.0,12,0,0,1,0,8.0,40.0,7.0,72.72727273,51722.0,997390.5894,1016.17,52.45,2.986,3.01,0,0,0.0,0,0,289.224,576.724,427.694,5.01899,CN
4339,2,0,1,0,0,0,1,0,0,0,0,0,1,0,9.0,15.0,84.3,1.393435864,1.0,2.25,3.0,2.75,1.833333333,1.8,2.307692308,1.714285714,1.0,1.0,1.125,1.0,1.0,1.025641026,1.0,3650.0,0.0,6.846323989,20383.0,7925.0,1661131.821,29.0,22.0,24592.0,17,0,0,0,0,4.0,26.0,2.0,66.66666667,44432.0,1082259.234,1121.99,44.95,3.322,3.091,0,0,0.0,0,0,340.915,598.881,495.427,2.01027,CN
4340,0,0,0,0,0,1,1,0,0,0,0,0,0,1,3.0,5.0,66.7,1.071137507,0.0,2.0,1.555555556,2.125,1.0,1.0,1.487179487,1.142857143,1.0,1.0,1.125,1.0,1.0,1.025641026,1.0,5097.0,0.0,6.682832559,26540.0,8667.0,1611424.519,29.0,29.0,19623.0,16,0,1,2,0,5.0,45.0,8.0,41.66666667,17493.0,1188525.793,1193.67,18.081,3.069,2.733,0,0,0.0,0,0,293.61,656.58,531.168,9.6852,CN
4348,2,0,0,0,0,0,1,0,0,0,0,0,0,1,6.0,9.0,66.1,1.424412622,0.0,1.0,1.222222222,1.125,1.0,1.4,1.128205128,1.0,1.0,1.0,1.0,1.0,1.0,1.0,1.0,3300.0,0.0,6.176399895,13996.0,6992.0,1294915.849,30.0,25.0,16944.0,17,0,1,2,0,8.0,40.0,10.0,61.53846154,15982.0,914344.0851,920.439,16.987,2.508,2.49,2,1,1.0,7,1,240.917,458.526,441.677,4.5852,CN
4349,0,1,0,1,0,1,1,0,0,0,0,0,0,1,3.0,8.0,71.4,1.038551299,0.0,1.0,1.0,1.875,1.0,1.2,1.230769231,1.142857143,1.0,1.0,1.25,1.0,1.0,1.057142857,1.0,4903.0,0.0,6.837798092,19344.0,7819.0,1637938.179,29.0,24.0,23479.0,16,0,1,2,0,7.0,41.0,3.0,77.77777778,35490.0,1207075.585,1239.86,35.992,3.056,2.96,0,0,0.0,0,0,316.087,615.503,523.327,14.6772,CN
4350,0,0,0,0,0,1,0,1,1,0,0,0,0,0,8.0,10.0,72.9,1.076477636,0.0,2.5,2.375,2.25,2.833333333,2.0,2.157894737,1.142857143,1.0,1.0,1.125,1.0,1.0,1.102564103,1.428571429,5176.0,0.0,6.21678787,22317.0,9405.0,1456769.378,30.0,28.0,26383.0,13,0,0,2,0,2.0,54.0,7.0,15.38461538,13382.0,1175768.781,1175.06,13.29,3.444,3.248,0,0,0.0,0,0,317.014,617.064,540.098,2.78454,CN
4352,0,0,0,0,1,0,0,0,1,1,0,1,1,1,7.0,14.0,83.6,1.049649574,0.0,1.5,1.222222222,1.5,1.0,1.0,1.230769231,1.142857143,1.0,1.0,1.375,1.0,1.0,1.135135135,1.285714286,3566.0,0.0,6.882442073,16226.0,6247.0,1637703.286,29.0,24.0,19871.0,16,0,0,0,0,5.0,39.0,4.0,55.55555556,45933.0,1042028.656,1079.02,46.158,2.536,2.322,0,0,0.0,0,0,438.32,627.089,457.367,0.0732,CN
4357,0,0,0,0,0,0,1,0,1,0,0,0,1,0,5.0,9.0,73.7,1.022237618,0.0,1.25,1.111111111,1.625,1.0,1.0,1.184210526,1.0,1.0,1.0,1.0,1.0,1.0,1.0,1.0,3547.0,0.0,7.322357588,17084.0,7510.0,1339630.251,30.0,27.0,16441.0,16,0,1,0,0,3.0,49.0,4.0,25.0,13221.0,924363.7103,963.85,13.531,2.552,2.315,0,0,0.0,0,0,296.974,516.468,416.366,2.0616,CN
4365,0,0,0,0,0,0,0,0,0,0,0,1,0,0,7.0,15.0,80.3,1.173073589,0.0,1.0,1.0,1.0,1.0,1.0,1.0,1.0,1.0,1.0,1.125,1.0,1.0,1.027027027,1.0,4262.0,0.0,6.119875757,19527.0,7223.0,1644348.708,29.0,24.0,18923.0,20,0,0,0,0,4.0,35.0,5.0,44.44444444,58076.0,1081775.276,1118.55,59.276,3.047,2.757,0,0,0.0,0,0,439.149,654.347,497.304,7.27087,CN
4367,1,0,0,1,0,0,0,0,1,0,0,1,0,0,3.0,6.0,65.1,1.0086772,0.0,1.0,1.111111111,1.5,1.0,1.0,1.153846154,1.142857143,1.0,1.0,1.25,1.0,1.0,1.051282051,1.0,4340.0,0.0,6.438124814,17777.0,7659.0,1459773.665,29.0,22.0,18278.0,18,0,1,0,0,4.0,36.0,4.0,44.44444444,14244.0,1108146.439,1136.96,14.397,3.015,2.898,0,0,0.0,0,0,250.267,544.705,528.589,7.296,CN
4369,0,0,0,0,0,1,0,1,0,0,0,0,0,0,9.0,15.0,68.3,0.980353421,0.0,1.0,1.0,1.375,1.0,1.0,1.078947368,1.0,1.0,1.0,1.25,1.0,1.0,1.051282051,1.0,4077.0,0.0,6.318667477,18043.0,6780.0,1345543.165,29.0,24.0,20223.0,20,0,0,0,0,3.0,51.0,3.0,30.0,12712.0,1032985.1,1031.65,14.312,2.513,2.635,0,0,0.0,0,0,218.59,553.707,476.569,0.552636,CN
4371,1,0,1,0,0,0,0,0,0,0,0,0,0,0,8.0,14.0,67.7,1.248287984,0.0,1.0,1.111111111,1.625,1.0,1.2,1.179487179,1.0,1.0,1.333333333,1.125,1.0,1.0,1.128205128,1.142857143,3506.0,0.0,5.923092889,18398.0,6768.0,1322118.709,28.0,24.0,20806.0,18,0,0,0,0,5.0,49.0,6.0,45.45454545,28669.0,1014635.806,1009.33,29.407,2.209,2.828,0,0,0.0,0,0,333.879,582.272,476.554,2.36159,CN
4372,0,0,1,0,0,0,0,0,0,1,0,0,0,0,11.0,14.0,70.0,1.04800579,0.0,1.0,1.666666667,1.75,1.0,1.0,1.307692308,1.0,1.0,1.222222222,1.25,1.0,1.0,1.102564103,1.0,3827.0,0.0,6.349397491,18902.0,7830.0,1344811.587,30.0,27.0,19168.0,18,0,1,0,0,5.0,44.0,7.0,41.66666667,20203.0,953606.6281,962.839,21.241,3.041,2.9,0,0,0.0,0,0,310.333,576.082,418.792,0.285656,CN
4384,0,0,0,0,0,0,0,0,0,0,0,0,0,0,2.0,4.0,62.3,1.066504721,0.0,1.0,1.333333333,1.875,1.0,1.0,1.256410256,1.0,1.5,1.0,1.375,1.0,1.4,1.179487179,1.0,4895.0,0.0,5.669768008,16575.0,8780.0,1409886.659,30.0,25.0,20406.0,18,0,0,4,3,0.0,62.0,7.0,0.0,35311.0,1098095.497,1108.69,36.432,3.131,3.229,0,0,0.0,0,0,282.38,605.622,490.803,0.979046,CN
4387,1,0,1,0,0,0,0,0,0,0,0,1,0,1,5.0,8.0,76.1,1.007998191,0.0,1.0,1.0,1.0,1.0,1.0,1.0,1.0,1.0,1.0,1.0,1.0,1.0,1.0,1.0,3614.0,0.0,6.481570879,18686.0,7038.0,1395944.95,29.0,25.0,20036.0,16,0,1,0,0,5.0,36.0,1.0,71.42857143,34558.0,1005459.671,1004.18,34.223,2.662,2.592,0,0,0.0,0,0,310.661,539.089,454.905,5.46706,CN
4388,2,0,0,0,1,0,0,0,0,0,0,0,0,0,4.0,6.0,66.8,0.976714039,0.5,2.75,1.777777778,1.625,1.333333333,1.2,1.58974359,1.142857143,1.5,1.111111111,1.625,1.0,1.0,1.205128205,1.0,4197.0,0.0,6.008220989,18744.0,8301.0,1618394.23,29.0,27.0,23707.0,18,0,0,0,0,0.0,57.0,9.0,0.0,37223.0,1162959.983,1169.02,38.302,2.997,3.032,0,0,0.0,0,0,317.408,623.389,527.284,3.99,CN
4391,0,1,0,0,0,0,0,0,0,0,0,0,0,0,7.0,13.0,74.4,1.016180099,0.0,1.0,1.222222222,1.0,1.333333333,1.0,1.102564103,1.0,1.0,1.0,1.25,1.333333333,1.0,1.102564103,1.0,3687.0,0.0,7.441332867,16403.0,6580.0,1351632.587,26.0,24.0,16921.0,12,0,0,0,0,2.0,42.0,8.0,18.18181818,25185.0,929185.9995,944.571,26.206,2.396,2.529,0,0,0.0,0,0,299.687,525.791,422.872,1.2036,CN
4399,1,0,0,0,0,1,0,0,0,0,0,0,0,1,8.0,10.0,77.9,1.031156778,0.0,1.75,1.875,1.25,1.166666667,1.0,1.342105263,1.0,2.0,1.555555556,1.5,2.0,1.6,1.564102564,1.0,3252.0,0.0,7.186325208,16288.0,7721.0,1409042.517,28.0,28.0,21196.0,16,1,1,0,0,2.0,45.0,6.0,16.66666667,19809.0,968529.7624,991.081,20.072,2.786,2.729,0,0,0.0,0,0,324.815,562.967,400.862,2.0616,CN
4400,1,0,0,1,1,1,0,0,0,0,0,0,0,1,5.0,9.0,71.1,1.433525646,0.5,2.0,1.0,1.75,1.0,1.0,1.256410256,1.0,1.25,1.111111111,1.5,1.0,1.0,1.153846154,1.0,3447.0,0.0,6.6361419,17750.0,8496.0,1487239.896,30.0,26.0,19445.0,20,0,0,0,0,2.0,32.0,2.0,25.0,19266.0,1029841.661,1052.97,19.41,2.746,2.789,0,0,0.0,0,0,315.082,605.396,433.661,0.1248,CN
4401,1,0,0,0,0,0,0,0,0,0,0,1,0,0,4.0,5.0,67.5,1.064728083,0.0,1.0,1.0,1.125,1.0,1.0,1.025641026,1.0,1.0,1.0,1.125,1.0,1.0,1.025641026,1.0,3905.0,0.0,6.82639446,19216.0,7868.0,1469075.909,30.0,29.0,25453.0,20,0,1,0,0,2.0,64.0,6.0,13.33333333,19925.0,1122502.699,1130.91,20.594,3.014,2.956,0,0,0.0,0,0,292.054,589.505,518.998,0.3816,CN
4410,0,0,0,1,0,0,0,1,0,1,1,0,0,0,3.0,5.0,69.1,0.979829599,0.0,1.0,1.222222222,1.125,1.0,1.0,1.076923077,1.0,1.0,1.0,1.0,1.0,1.0,1.0,1.0,3205.0,0.0,6.251780788,18123.0,6601.0,1305677.51,29.0,29.0,18482.0,14,0,1,2,0,3.0,52.0,10.0,20.0,14561.0,964139.9088,977.179,15.263,2.617,2.221,0,0,0.0,0,0,251.87,512.544,451.591,1.338,CN
4421,0,0,1,0,0,0,0,0,0,0,0,0,1,0,3.0,5.0,75.1,0.9626406,0.0,2.0,2.333333333,2.875,1.5,1.8,2.051282051,1.428571429,1.75,1.444444444,1.625,1.333333333,1.6,1.58974359,1.857142857,5554.0,0.0,6.366764855,20945.0,7393.0,1502708.891,26.0,23.0,20070.0,14,0,1,0,0,7.0,49.0,7.0,53.84615385,26430.0,1123336.974,1136.23,27.867,2.614,2.732,0,0,0.0,0,0,320.429,615.267,524.249,3.69215,CN
4422,0,0,0,0,0,1,0,0,0,0,0,1,0,0,2.0,4.0,70.8,1.205776006,0.5,1.25,1.444444444,1.75,1.0,1.2,1.358974359,1.285714286,1.0,1.111111111,1.25,1.0,1.0,1.128205128,1.285714286,4082.0,0.0,7.227656136,19110.0,7971.0,1313224.441,29.0,28.0,20260.0,15,0,1,0,0,8.0,51.0,8.0,66.66666667,28775.0,1053943.574,1042.96,29.665,2.923,2.801,0,0,0.0,0,0,306.933,604.626,464.257,5.56484,CN
4424,1,0,0,0,0,0,1,0,0,0,0,0,0,0,5.0,8.0,66.2,1.094974936,0.0,3.5,2.888888889,2.25,2.333333333,1.8,2.487179487,2.285714286,2.0,1.666666667,1.375,1.333333333,1.2,1.435897436,1.142857143,3807.0,0.0,6.44984718,19445.0,7463.0,1216610.023,26.0,23.0,20601.0,12,0,1,0,0,7.0,40.0,4.0,70.0,7753.0,935414.5094,937.76,7.574,2.532,2.6,0,0,0.0,0,0,212.428,531.246,419.76,0.318,CN
4427,0,1,0,0,0,0,0,0,0,0,0,1,0,0,9.0,14.0,71.3,1.005755021,0.0,1.5,1.222222222,1.5,1.5,1.0,1.282051282,1.0,1.0,1.0,1.0,1.0,1.0,1.0,1.0,4026.0,0.0,6.774165786,21557.0,8929.0,1717712.136,30.0,28.0,21486.0,12,0,0,2,2,-1.0,43.0,8.0,-9.090909091,46114.0,1236770.611,1249.48,48.634,3.006,2.772,0,0,0.0,0,0,314.834,644.014,596.878,2.94,CN
4428,0,0,0,0,0,0,0,0,1,0,0,0,0,1,10.0,12.0,72.6,1.076557201,0.0,1.5,1.333333333,1.375,1.5,1.0,1.282051282,1.0,1.0,1.0,1.0,1.0,1.0,1.0,1.0,4321.0,0.0,6.000224838,23001.0,7111.0,1646912.154,29.0,26.0,23310.0,18,0,0,2,0,3.0,39.0,10.0,23.07692308,27567.0,1164191.639,1164.56,28.983,2.719,2.557,0,0,0.0,0,0,328.598,627.07,542.534,1.8768,CN
4429,0,0,0,0,0,0,0,0,0,0,1,0,0,0,6.0,9.0,77.0,1.198420574,0.0,1.5,1.666666667,1.625,1.166666667,1.4,1.41025641,1.0,1.0,1.0,1.375,1.0,1.0,1.076923077,1.0,4563.0,0.0,6.925023751,21882.0,7812.0,1600654.446,30.0,28.0,22623.0,14,0,0,1,0,7.0,44.0,7.0,58.33333333,40789.0,1111692.527,1137.6,41.585,3.111,2.905,1,1,1.0,6,1,338.279,623.941,510.762,5.1816,CN
4441,0,0,0,0,0,0,0,1,1,0,0,1,0,0,2.0,3.0,68.7,1.112589215,0.0,1.25,1.0,1.0,1.0,1.0,1.025641026,1.0,1.0,1.0,1.0,1.0,1.0,1.0,1.0,4228.0,0.0,6.764828626,20478.0,9253.0,1492713.643,30.0,26.0,22594.0,16,0,1,0,2,4.0,55.0,3.0,33.33333333,15636.0,1127353.657,1117.49,16.851,3.075,3.021,0,0,0.0,0,0,307.2,630.116,513.691,4.47193,CN
4446,0,1,1,0,0,1,0,0,0,1,0,0,0,0,7.0,11.0,68.4,1.049384368,0.0,1.0,1.0,1.0,1.0,1.0,1.0,1.0,1.0,1.0,1.125,1.166666667,1.0,1.051282051,1.0,4236.0,0.0,6.68191407,22138.0,7330.0,1404981.135,30.0,24.0,19106.0,15,0,1,0,0,4.0,48.0,5.0,33.33333333,15734.0,991573.6505,1021.09,16.381,2.946,2.783,0,0,0.0,0,0,291.304,570.99,452.71,2.2476,CN
4448,0,1,0,0,0,0,0,0,1,0,0,0,0,0,5.0,8.0,63.8,1.081406509,0.0,2.25,2.333333333,2.375,2.833333333,1.4,2.216216216,1.8,1.0,1.222222222,1.0,1.0,1.0,1.051282051,1.0,4332.0,0.0,6.431480129,19447.0,8270.0,1420856.285,29.0,26.0,22409.0,16,0,1,2,0,5.0,45.0,4.0,50.0,13346.0,1050742.796,1066.89,13.973,2.978,2.879,0,0,0.0,0,0,290.483,599.792,470.543,0.8796,CN
4449,0,0,0,0,0,0,0,0,0,0,0,0,0,0,11.0,16.0,66.9,1.103485278,0.0,2.0,1.5,1.5,2.0,1.8,1.648648649,1.333333333,1.0,1.0,1.0,1.0,1.0,1.0,1.0,3256.0,0.0,6.26322981,17907.0,8690.0,1795525.834,28.0,26.0,20821.0,12,0,1,2,0,2.0,36.0,5.0,20.0,33814.0,1221765.361,1260.52,35.659,3.214,3.224,0,0,0.0,0,0,388.954,638.546,532.886,35.454,CN
4453,0,0,0,0,1,0,0,0,1,0,0,0,1,0,7.0,7.0,65.9,0.988420272,0.0,1.0,1.111111111,1.125,1.0,1.0,1.051282051,1.0,1.0,1.0,1.0,1.0,1.0,1.0,1.0,4609.0,0.0,6.781372522,20909.0,7714.0,1570262.186,29.0,26.0,19304.0,16,0,0,2,0,3.0,49.0,6.0,23.07692308,33538.0,1086354.798,1095.08,34.723,2.978,2.807,0,0,0.0,0,0,361.698,632.893,499.96,1.7124,CN
4464,1,0,0,0,0,0,0,0,1,1,0,0,0,0,3.0,5.0,70.4,1.059613202,0.0,1.0,1.0,1.5,1.0,1.0,1.102564103,1.0,2.0,1.0,1.125,1.0,1.0,1.128205128,1.0,3847.0,0.0,6.878495394,20922.0,8801.0,1531976.873,30.0,29.0,24156.0,16,0,0,0,0,1.0,59.0,9.0,6.666666667,23574.0,1091261.291,1110.08,24.71,3.264,3.135,0,0,0.0,0,0,325.658,632.206,495.648,1.188,CN
4466,0,0,0,0,0,1,0,0,0,0,0,0,0,0,3.0,6.0,79.8,0.915980042,0.0,1.25,1.111111111,1.375,1.0,1.0,1.153846154,1.142857143,1.0,1.0,1.0,1.0,1.0,1.0,1.0,3324.0,0.0,6.131884024,16662.0,6950.0,1507209.47,30.0,20.0,21382.0,16,0,0,0,0,0.0,51.0,3.0,0.0,51434.0,1053705.945,1073.02,52.176,2.99,2.779,1,1,1.0,3,1,386.07,611.304,471.776,2.334,CN
4474,0,0,0,0,0,1,0,1,0,0,1,1,0,0,6.0,10.0,85.6,1.283061429,0.0,2.0,1.555555556,1.75,1.833333333,1.0,1.564102564,1.285714286,2.5,1.111111111,1.142857143,3.0,1.0,1.486486486,1.0,3719.0,1.0,5.854589904,14094.0,6951.0,1761427.153,28.0,23.0,18908.0,18,0,0,0,0,3.0,27.0,3.0,42.85714286,77002.0,1086902.834,1088.21,78.143,2.83,2.593,0,0,0.0,0,0,456.803,609.719,455.124,9.054,CN
4483,0,1,0,1,1,0,0,0,1,0,0,0,0,0,2.0,5.0,69.5,0.950615314,0.0,2.0,1.777777778,1.75,2.166666667,1.6,1.692307692,1.0,1.25,1.111111111,1.375,3.0,1.4,1.473684211,1.142857143,3483.0,1.0,7.152320591,17249.0,7892.0,1381564.827,30.0,25.0,18724.0,15,0,1,0,0,2.0,43.0,6.0,16.66666667,27858.0,1005731.926,1035.25,29.542,2.771,2.806,0,0,0.0,0,0,281.537,511.337,486.684,1.8708,CN
4485,0,0,0,1,0,0,0,0,0,0,0,0,1,0,9.0,15.0,73.3,1.042623571,0.0,1.5,1.666666667,1.625,1.5,1.4,1.461538462,1.0,1.0,1.0,1.25,1.5,1.0,1.128205128,1.0,4128.0,0.0,7.122177767,20176.0,8901.0,1693022.282,26.0,26.0,22910.0,17,0,0,0,0,3.0,56.0,8.0,21.42857143,32583.0,1181917.17,1232.67,33.339,3.305,3.147,0,0,0.0,0,0,387.126,625.945,563.342,13.2363,CN
4491,0,0,0,0,1,1,1,0,0,0,1,0,0,0,9.0,12.0,84.1,0.927002704,0.0,1.0,1.333333333,1.125,1.0,1.0,1.102564103,1.0,1.0,1.0,1.125,1.0,1.0,1.026315789,1.0,3691.0,0.0,6.274545497,18256.0,6892.0,1468979.244,30.0,23.0,20075.0,19,0,0,0,0,5.0,62.0,6.0,33.33333333,39455.0,963134.7332,978.221,39.771,2.965,2.689,0,0,0.0,0,0,383.017,613.354,417.727,1.35,CN
4496,1,0,0,0,0,1,0,0,0,1,0,0,0,0,4.0,6.0,76.1,1.00189345,0.0,1.25,1.25,1.25,1.0,1.2,1.184210526,1.142857143,1.0,1.111111111,1.375,1.0,1.0,1.153846154,1.285714286,3267.0,0.0,7.34368622,17014.0,7625.0,1571181.453,30.0,25.0,18749.0,16,0,1,0,0,4.0,40.0,6.0,44.44444444,44614.0,977341.1581,997.453,45.401,2.765,2.7,0,0,0.0,0,0,405.277,589.902,406.948,0.3036,CN
4505,0,0,0,1,0,0,1,0,0,0,0,0,0,1,4.0,7.0,80.4,1.051223498,0.0,2.0,1.444444444,2.125,1.166666667,1.2,1.487179487,1.0,2.0,1.444444444,1.625,1.0,1.6,1.487179487,1.428571429,3238.0,1.0,6.581106947,14671.0,6234.0,1349338.358,29.0,27.0,18568.0,20,0,1,1,0,2.0,53.0,7.0,14.28571429,35263.0,887141.1896,903.221,36.394,2.438,2.519,0,0,0.0,0,0,338.416,534.673,397.286,1.8564,CN
4516,0,0,0,0,0,0,0,1,0,0,1,0,0,0,9.0,12.0,71.4,1.00806656,0.0,1.0,1.222222222,1.125,1.0,1.0,1.076923077,1.0,1.0,1.111111111,1.0,1.0,1.0,1.025641026,1.0,4133.0,0.0,7.310270499,23857.0,7944.0,1527936.446,28.0,27.0,23995.0,20,0,0,0,0,9.0,34.0,6.0,100.0,31848.0,1125004.366,1119.28,32.362,2.946,3.066,0,0,0.0,0,0,365.996,625.298,487.543,5.14897,CN
2191,0,1,0,1,1,1,1,1,1,0,1,1,0,0,6.0,8.0,66.7,1.042369822,0.5,3.75,2.333333333,3.125,1.666666667,1.2,2.256410256,1.571428571,2.5,3.111111111,2.125,1.0,1.0,1.974358974,1.571428571,4620.0,0.0,6.388615063,22679.0,7962.0,1595595.338,30.0,29.0,22502.0,18,0,1,0,0,2.0,55.0,5.0,15.38461538,17897.0,1172279.178,1201.06,18.406,3.016,2.808,0,0,0.0,0,0,291.778,609.904,563.324,1.5864,EMCI
2201,0,1,1,1,1,1,1,1,0,1,1,1,1,1,1.0,2.0,63.7,0.980136674,0.5,2.5,2.333333333,3.0,2.8,1.8,2.289473684,1.285714286,1.5,1.0,1.875,1.5,1.0,1.307692308,1.0,3444.0,0.0,7.109102275,18717.0,7950.0,1387664.381,30.0,27.0,20148.0,18,0,1,0,1,0.0,59.0,6.0,0.0,29641.0,1021917.305,1043.83,30.878,2.739,2.753,0,0,0.0,0,0,294.022,565.947,454.28,3.09062,EMCI
2210,0,0,1,0,1,1,0,0,1,0,1,0,1,0,10.0,18.0,79.8,1.134699562,1.0,2.25,2.0,3.375,1.5,1.0,1.974358974,1.285714286,2.5,1.375,2.875,2.666666667,2.25,2.135135135,1.428571429,2794.0,1.0,5.801303104,18592.0,4764.0,1611141.731,30.0,26.0,18003.0,12,0,1,0,0,7.0,37.0,3.0,100.0,70867.0,992892.4433,1015.64,70.989,2.205,2.052,0,0,0.0,0,0,336.139,577.782,403.639,26.1516,EMCI
2216,1,1,1,1,0,1,1,1,1,1,1,0,1,1,10.0,16.0,68.1,1.321110612,1.5,1.75,2.333333333,2.125,1.0,1.6,1.717948718,1.142857143,1.0,2.111111111,2.0,1.0,1.25,1.540540541,1.142857143,4790.0,3.0,5.303833405,18251.0,7074.0,1742595.026,27.0,22.0,20814.0,14,0,0,0,0,3.0,34.0,4.0,30.0,57111.0,1272723.606,1268.19,58.477,3.025,3.116,0,0,0.0,0,0,361.824,662.393,619.63,12.7969,EMCI
2225,0,1,1,0,1,1,1,1,1,1,0,1,0,1,5.0,9.0,70.4,1.238569168,0.5,2.0,2.0,2.25,2.0,1.6,1.871794872,1.285714286,1.0,1.333333333,1.25,1.5,1.2,1.333333333,1.571428571,4187.0,0.0,6.72870789,18935.0,8804.0,1644231.904,30.0,28.0,26239.0,20,0,0,0,0,4.0,36.0,5.0,36.36363636,20415.0,1200960.45,1224.76,21.157,3.405,3.104,0,0,0.0,0,0,294.307,647.35,549.608,2.4432,EMCI
2264,1,1,0,0,0,1,1,0,1,1,1,1,1,1,11.0,15.0,69.3,1.320017324,0.5,1.75,1.222222222,1.125,1.5,1.6,1.307692308,1.0,1.0,1.444444444,1.0,1.0,1.0,1.102564103,1.0,4785.0,0.0,6.501248767,20378.0,8305.0,1650911.677,30.0,23.0,23450.0,18,0,0,4,0,3.0,25.0,2.0,60.0,38189.0,1201211.589,1204.39,39.717,3.369,3.032,0,0,0.0,0,0,332.711,663.655,543.022,10.7892,EMCI
2278,1,1,1,1,0,0,0,1,1,1,1,0,1,1,7.0,11.0,56.0,0.994391946,3.0,1.0,1.0,1.75,1.0,1.2,1.230769231,1.285714286,1.0,1.0,2.0,1.0,1.2,1.230769231,1.0,3233.0,0.0,6.382016135,16541.0,8559.0,1276599.445,29.0,24.0,20392.0,16,0,0,2,2,2.0,49.0,6.0,16.66666667,16372.0,963972.8684,957.522,17.67,3.056,2.802,0,0,0.0,0,0,264.09,524.722,439.616,1.13995,EMCI
2301,0,1,1,1,1,0,1,1,1,1,0,1,1,1,4.0,7.0,65.7,1.118580784,0.5,1.0,1.0,1.714285714,1.0,1.0,1.135135135,1.0,1.75,1.444444444,2.0,1.2,1.0,1.421052632,1.0,3842.0,1.0,6.912026791,20002.0,9292.0,1573205.243,30.0,25.0,21767.0,19,0,0,0,0,3.0,41.0,4.0,30.0,13838.0,1127033.04,1163.44,14.42,3.18,3.244,0,0,0.0,0,0,294.481,570.121,527.299,0.186,EMCI
2307,0,1,1,1,1,0,0,0,1,1,0,0,0,0,9.0,19.0,78.6,1.070562089,1.5,1.25,1.444444444,1.5,1.666666667,1.2,1.358974359,1.0,2.5,1.625,2.875,1.833333333,1.2,1.921052632,1.428571429,3278.0,1.0,6.605237156,16249.0,5941.0,1543738.856,30.0,24.0,18784.0,18,0,1,0,0,9.0,40.0,6.0,90.0,52877.0,1051621.329,1056.47,53.639,2.501,2.408,0,0,0.0,0,0,340.724,557.78,460.254,22.5216,EMCI
2315,0,1,1,1,1,1,1,1,1,1,0,1,0,1,5.0,11.0,68.2,1.03591172,1.0,3.0,2.777777778,2.875,2.0,1.4,2.243243243,1.142857143,2.0,2.111111111,1.125,2.0,1.4,1.58974359,1.0,4180.0,0.0,6.400133543,15449.0,7821.0,1343189.278,29.0,20.0,19266.0,13,0,1,0,0,2.0,43.0,7.0,18.18181818,29988.0,938754.4671,968.22,29.971,2.807,2.737,0,0,0.0,0,0,265.358,494.506,424.776,3.0012,EMCI
2316,1,1,1,0,0,1,1,0,1,1,1,0,1,1,16.0,28.0,74.3,1.451134846,1.5,1.25,1.666666667,2.5,1.5,1.2,1.594594595,1.0,1.0,1.0,1.75,1.5,1.0,1.230769231,1.0,3196.0,4.0,5.066549106,18217.0,6693.0,1533428.191,28.0,18.0,17351.0,12,0,1,1,0,8.0,26.0,4.0,100.0,29724.0,1064566.046,1078.54,31.031,2.701,2.427,0,0,0.0,0,0,321.245,560.821,487.675,14.3016,EMCI
2324,1,0,1,0,0,1,1,1,1,0,0,1,1,1,10.0,13.0,56.3,0.98297185,1.0,2.0,1.333333333,1.875,1.0,1.0,1.368421053,1.0,1.25,1.0,1.125,1.166666667,1.4,1.153846154,1.142857143,3695.0,0.0,6.587267206,18699.0,7660.0,1326483.734,29.0,21.0,17928.0,13,1,1,2,4,4.0,53.0,7.0,30.76923077,11678.0,958873.3868,982.001,11.662,2.632,2.547,1,1,1.0,1,1,267.222,509.737,431.35,2.5644,EMCI
2333,1,1,1,1,1,0,0,1,1,0,0,1,1,1,9.0,15.0,67.0,1.281523209,0.5,2.5,3.111111111,3.125,2.333333333,3.0,2.897435897,3.0,1.25,1.0,1.875,1.0,1.2,1.236842105,1.0,4749.0,0.0,6.401495379,19641.0,6985.0,1440176.014,28.0,24.0,18292.0,12,0,0,1,0,0.0,28.0,2.0,0.0,30502.0,1080334.267,1076.59,32.058,2.555,2.279,0,0,0.0,0,0,285.498,549.863,498.017,3.7404,EMCI
2336,1,1,1,1,1,1,0,1,1,1,1,0,1,1,5.0,9.0,72.9,1.413519814,1.0,1.0,1.444444444,1.625,1.5,1.0,1.333333333,1.142857143,2.5,1.555555556,1.875,2.5,1.2,1.769230769,1.285714286,3952.0,2.0,5.942684503,15911.0,7000.0,1192598.543,30.0,24.0,15686.0,12,0,1,0,0,2.0,46.0,7.0,18.18181818,27456.0,864414.0584,875.721,27.965,2.507,2.41,0,0,0.0,0,0,258.899,466.995,392.116,1.17213,EMCI
2357,0,0,1,1,0,1,1,1,0,1,1,0,0,0,3.0,5.0,71.6,1.029711342,0.5,2.0,1.444444444,1.5,1.0,1.4,1.358974359,1.0,1.25,1.111111111,1.375,1.0,1.0,1.128205128,1.0,4133.0,1.0,6.407765607,20778.0,7741.0,1815672.789,29.0,27.0,24238.0,12,0,0,0,0,2.0,40.0,4.0,25.0,40649.0,1254829.85,1258.3,40.572,2.932,2.769,0,0,0.0,0,0,395.056,665.251,541.374,34.7172,EMCI
2360,1,1,1,1,0,0,0,1,1,1,1,0,0,0,8.0,11.0,63.0,1.065267968,1.0,1.0,2.111111111,2.625,1.166666667,1.6,1.692307692,1.0,2.25,1.375,2.5,2.0,1.4,1.777777778,1.166666667,3306.0,3.0,6.586849407,20961.0,7868.0,1380642.495,30.0,20.0,18006.0,15,0,0,3,0,4.0,32.0,7.0,44.44444444,9897.0,1117318.1,1118.26,10.335,2.917,3.02,0,0,0.0,0,0,281.127,613.056,520.085,3.49288,EMCI
2363,0,0,1,1,0,1,1,0,1,0,1,1,1,1,6.0,11.0,58.8,0.961084561,2.5,2.0,1.888888889,1.625,1.333333333,1.6,1.615384615,1.285714286,3.0,1.444444444,2.625,3.0,2.0,2.128205128,1.285714286,4358.0,6.0,6.123254305,21308.0,9822.0,1640645.863,28.0,25.0,23155.0,13,0,0,0,0,7.0,36.0,6.0,77.77777778,7589.0,1308354.702,1313.18,7.857,3.653,3.717,0,0,0.0,0,0,252.27,642.799,628.082,2.0196,EMCI
2378,1,1,0,1,1,1,0,1,0,0,0,1,1,0,7.0,12.0,59.9,1.056709483,0.5,2.0,1.444444444,1.875,1.166666667,1.2,1.435897436,1.0,1.5,1.222222222,1.5,1.5,1.0,1.282051282,1.0,3965.0,1.0,7.262861057,25930.0,8957.0,1690219.171,30.0,26.0,26195.0,19,0,0,0,0,4.0,43.0,6.0,36.36363636,29613.0,1283085.96,1289.66,31.003,3.237,3.103,0,0,0.0,0,0,304.956,688.456,575.552,1.6056,EMCI
2379,0,0,1,1,0,1,0,0,0,0,1,0,1,0,4.0,7.0,66.0,1.070731395,1.5,1.75,2.222222222,2.5,1.0,1.4,1.717948718,1.0,2.0,1.777777778,2.0,1.0,1.0,1.5,1.142857143,3663.0,2.0,6.107922782,23011.0,9929.0,1707432.642,30.0,25.0,22468.0,18,1,0,0,1,5.0,33.0,4.0,62.5,21001.0,1189792.691,1237.27,22.507,3.543,3.674,0,0,0.0,0,0,283.219,617.42,586.487,2.3112,EMCI
2381,2,0,1,1,0,1,0,0,0,0,1,1,0,0,9.0,15.0,69.1,1.354197967,2.5,2.5,2.222222222,3.375,2.333333333,2.4,2.512820513,2.142857143,3.25,1.555555556,3.5,2.5,1.8,2.243243243,1.285714286,3341.0,3.0,6.35217593,21353.0,5834.0,1653489.285,28.0,23.0,23225.0,16,0,0,0,0,4.0,34.0,7.0,40.0,31394.0,1168454.642,1201.15,32.354,2.444,2.517,0,0,0.0,0,0,353.804,641.28,548.994,2.8212,EMCI
2389,0,0,1,1,0,0,0,1,0,0,0,1,1,0,3.0,9.0,57.8,0.926754348,1.0,4.0,3.444444444,3.75,3.333333333,3.4,3.307692308,2.142857143,2.75,1.666666667,3.25,2.4,1.6,2.2,1.25,3429.0,2.0,7.797149731,15852.0,7578.0,1414347.414,29.0,23.0,20272.0,15,1,1,0,4,3.0,43.0,6.0,27.27272727,18641.0,1008760.637,1033.25,19.152,2.793,2.73,0,0,0.0,0,0,326.339,567.04,448.135,1.2107,EMCI
2394,2,1,1,1,1,0,1,0,0,1,0,1,1,1,6.0,8.0,67.4,1.098623468,0.5,1.0,1.0,1.5,1.0,1.0,1.102564103,1.0,1.0,1.0,1.5,1.0,1.0,1.105263158,1.0,3596.0,0.0,7.184526498,21286.0,8092.0,1596589.282,30.0,29.0,29292.0,20,0,0,0,0,6.0,39.0,5.0,54.54545455,50454.0,1246542.265,1241.06,51.008,2.951,2.581,2,1,1.0,2,1,387.071,709.657,572.675,7.7841,EMCI
2395,1,1,1,0,0,1,1,1,1,1,0,1,0,1,8.0,11.0,72.6,0.916087906,1.5,2.0,1.444444444,2.125,1.0,1.4,1.538461538,1.285714286,3.0,1.333333333,2.5,3.0,1.2,1.923076923,1.0,4633.0,2.0,5.851081237,23655.0,7140.0,1535605.425,30.0,27.0,24473.0,19,0,0,0,0,6.0,38.0,3.0,66.66666667,46382.0,1117706.989,1122.52,48.325,2.782,3.015,0,0,0.0,0,0,372.627,655.878,478.152,7.16771,EMCI
2398,2,1,1,1,0,0,1,1,0,1,1,1,0,1,9.0,14.0,71.5,1.102444829,1.5,1.75,1.333333333,2.25,1.666666667,1.0,1.512820513,1.0,2.5,1.333333333,2.625,1.666666667,1.0,1.794871795,1.714285714,4098.0,2.0,5.074407637,19988.0,7207.0,1685684.207,29.0,23.0,18579.0,13,0,0,0,0,8.0,39.0,7.0,72.72727273,54093.0,1111743.467,1136.12,55.512,2.788,2.586,0,0,0.0,0,0,350.26,632.931,494.643,0.819591,EMCI
2405,0,1,1,0,1,0,0,1,1,1,1,1,1,0,11.0,17.0,71.6,1.021934024,1.0,2.75,2.555555556,3.0,2.166666667,2.8,2.615384615,2.428571429,1.5,1.0,1.5,1.0,1.0,1.153846154,1.0,3313.0,0.0,7.341343948,20435.0,7229.0,1345496.857,27.0,22.0,19526.0,13,0,1,0,5,0.0,27.0,2.0,0.0,25077.0,973280.1328,971.974,26.503,2.481,2.494,0,0,0.0,0,0,267.554,536.901,433.767,4.73928,EMCI
2407,0,1,1,1,1,1,1,1,1,0,0,1,1,0,12.0,18.0,68.0,0.995418123,0.5,1.75,1.555555556,2.375,1.5,1.4,1.615384615,1.0,1.0,1.111111111,2.142857143,1.0,1.0,1.236842105,1.0,2351.0,0.0,7.550714074,16426.0,3731.0,1261245.805,26.0,20.0,21110.0,16,0,1,2,0,7.0,35.0,4.0,77.77777778,17644.0,919445.4363,934.441,17.124,1.447,1.13,0,0,0.0,0,0,311.449,523.821,413.961,1.40235,EMCI
4005,1,0,0,0,1,0,1,0,1,0,0,1,1,1,6.0,8.0,70.5,1.393738811,3.5,1.5,1.0,2.125,1.333333333,1.4,1.41025641,1.142857143,2.25,2.333333333,3.0,2.666666667,2.2,2.538461538,2.571428571,4405.0,8.0,6.25045447,22968.0,7207.0,1768216.31,29.0,28.0,22654.0,16,0,0,0,0,6.0,26.0,1.0,100.0,38294.0,1181165.406,1209.77,37.467,2.605,2.502,1,1,1.0,3,1,372.845,648.876,517.985,2.2656,EMCI
4007,1,1,1,1,0,0,0,0,0,1,0,1,0,1,9.0,14.0,78.1,1.622467806,0.5,1.0,1.0,1.5,1.0,1.0,1.128205128,1.142857143,2.75,1.555555556,2.625,1.833333333,2.6,2.131578947,1.833333333,3522.0,1.0,6.682228397,19848.0,7495.0,1426169.775,29.0,24.0,19938.0,20,0,0,0,0,4.0,40.0,7.0,36.36363636,36679.0,1029741.162,1032.5,39.054,2.757,2.45,0,0,0.0,0,0,329.983,567.176,482.798,2.5884,EMCI
4024,1,1,1,0,1,1,1,0,1,1,1,1,1,1,19.0,31.0,55.9,1.663289166,4.5,1.75,1.333333333,2.875,1.0,1.0,1.789473684,2.285714286,3.0,1.555555556,3.75,3.166666667,2.0,2.641025641,2.571428571,2814.0,15.0,5.694961861,16471.0,6350.0,1445040.208,25.0,25.0,17445.0,16,0,1,0,0,5.0,27.0,0.0,100.0,34273.0,970061.1114,996.759,35.11,2.161,2.227,0,0,0.0,0,0,313.337,542.462,411.725,0.9216,AD
4029,2,1,1,1,1,1,1,0,1,1,0,0,1,0,7.0,11.0,61.1,1.056958405,1.0,1.0,1.222222222,1.375,1.0,1.0,1.128205128,1.0,1.0,1.0,1.0,1.0,1.0,1.0,1.0,5355.0,0.0,6.929485117,22895.0,9311.0,1755672.837,27.0,28.0,24657.0,20,0,0,0,0,3.0,45.0,9.0,23.07692308,19852.0,1278258.27,1303.72,20.073,3.288,3.136,1,1,1.0,1,1,315.247,659.137,580.325,1.8312,LMCI
4030,1,0,1,1,1,1,1,0,0,1,0,1,1,1,10.0,16.0,68.3,1.46221601,1.5,1.5,1.444444444,2.25,1.166666667,1.2,1.461538462,1.0,1.75,1.222222222,2.0,1.5,1.4,1.487179487,1.142857143,2777.0,3.0,5.192002033,18446.0,6544.0,1527253.171,25.0,21.0,19413.0,12,0,1,0,0,12.0,41.0,8.0,92.30769231,36764.0,1100476.996,1119.87,38.61,2.603,2.593,0,0,0.0,0,0,293.534,559.888,522.844,7.8888,LMCI
4034,2,1,1,1,0,1,1,0,1,1,0,1,0,0,13.0,23.0,72.1,1.741161822,2.0,1.5,1.444444444,2.875,1.166666667,1.0,1.631578947,1.333333333,1.5,2.222222222,2.375,1.166666667,1.4,1.864864865,2.0,3025.0,1.0,4.951325251,15002.0,4831.0,1374223.385,24.0,19.0,17365.0,19,0,1,0,0,4.0,27.0,3.0,57.14285714,27053.0,927093.1159,933.832,27.497,1.931,1.914,0,0,0.0,0,0,288.523,511.952,405.309,6.89978,LMCI
4035,1,1,1,0,0,1,1,1,0,1,0,1,1,0,11.0,20.0,72.6,1.504810718,1.0,1.0,1.666666667,2.25,1.25,1.0,1.5,1.0,1.25,2.111111111,1.75,1.0,1.2,1.461538462,1.0,3232.0,2.0,5.502055622,16815.0,7620.0,1461170.512,26.0,19.0,20051.0,16,0,1,0,0,3.0,55.0,9.0,20.0,59039.0,1002406.015,997.86,60.118,2.937,2.826,0,0,0.0,0,0,350.226,542.957,422.213,18.1464,LMCI
4036,0,1,1,1,0,0,1,0,0,0,1,0,1,1,6.0,9.0,74.0,1.015812945,0.5,2.5,1.777777778,2.375,1.666666667,1.0,1.717948718,1.0,1.0,1.875,3.25,1.4,1.75,1.861111111,1.142857143,4251.0,4.0,8.08731888,23137.0,8053.0,1453134.309,29.0,26.0,19231.0,20,0,0,0,0,4.0,45.0,6.0,30.76923077,10402.0,1051493.587,1074.78,10.862,2.653,2.675,0,0,0.0,0,0,259.948,564.788,472.537,0.7392,EMCI
4042,0,1,1,0,0,1,0,1,1,0,0,1,1,1,11.0,16.0,57.2,1.26765215,1.5,2.25,3.111111111,1.5,1.0,1.0,1.717948718,1.0,1.75,3.0,2.25,1.0,1.0,1.837837838,1.0,4104.0,1.0,6.286291551,15128.0,8449.0,1386743.186,26.0,22.0,17713.0,18,0,0,0,0,5.0,26.0,5.0,62.5,10842.0,997441.4377,1026.37,9.726,2.996,2.942,0,0,0.0,0,0,296.302,522.745,446.057,0.5676,LMCI
4051,0,1,1,1,1,1,1,0,0,1,1,1,1,1,7.0,12.0,70.6,1.074603175,0.5,1.25,1.0,1.0,1.5,1.0,1.128205128,1.142857143,1.0,1.0,1.0,1.0,1.0,1.0,1.0,4830.0,0.0,6.255334469,24315.0,8494.0,1651541.68,29.0,21.0,26724.0,16,0,0,0,0,1.0,28.0,0.0,20.0,43966.0,1278840.447,1271.62,44.765,3.154,3.09,0,0,0.0,0,0,332.66,671.98,608.194,7.5252,EMCI
4054,0,1,1,0,0,0,0,1,0,1,0,1,1,1,13.0,15.0,68.3,1.191085632,0.5,1.75,2.0,3.25,1.8,1.6,2.052631579,1.428571429,1.75,1.571428571,1.625,1.2,1.5,1.5,1.333333333,3637.0,2.0,6.84520338,17919.0,7976.0,1449128.64,29.0,27.0,20241.0,19,0,1,0,0,0.0,53.0,8.0,0.0,16989.0,1035481.382,1040.41,16.938,2.857,2.841,2,1,1.0,1,1,236.71,562.403,448.734,11.0124,EMCI
4057,1,1,1,1,0,0,0,1,0,0,1,1,1,1,18.0,32.0,81.1,1.592093293,4.0,2.0,1.777777778,1.75,1.5,1.6,1.58974359,1.0,3.0,3.0,2.375,1.666666667,1.0,2.128205128,1.428571429,2659.0,0.0,5.523512398,17406.0,6850.0,1616343.707,26.0,22.0,17566.0,16,0,0,0,0,6.0,18.0,4.0,100.0,30508.0,1099898.1,1112.29,31.679,3.071,2.622,0,0,0.0,0,0,334.216,588.865,510.923,3.2964,LMCI
4058,1,1,1,0,1,1,0,1,1,1,1,1,1,0,15.0,27.0,84.6,1.32797216,1.5,1.25,1.888888889,2.125,1.0,1.0,1.461538462,1.0,1.25,1.222222222,1.375,1.333333333,1.0,1.205128205,1.0,2570.0,1.0,5.860055572,15340.0,6259.0,1364694.637,29.0,20.0,15598.0,16,0,1,1,0,6.0,27.0,4.0,85.71428571,27036.0,921513.0165,937.899,28.255,2.369,2.216,2,1,1.0,1,1,270.452,514.234,412.85,4.6848,LMCI
4061,1,1,0,1,1,0,1,0,1,1,1,1,1,0,5.0,9.0,64.1,1.13211167,1.0,2.0,2.111111111,3.25,1.0,1.0,1.820512821,1.0,1.5,1.375,1.5,1.0,1.0,1.236842105,1.0,3161.0,0.0,7.210319497,18475.0,6510.0,1394560.716,29.0,26.0,22938.0,16,0,1,2,0,5.0,56.0,8.0,35.71428571,20212.0,1009503.954,1034.52,20.702,2.105,2.228,0,0,0.0,0,0,233.789,562.886,452.564,1.0836,LMCI
4063,0,1,1,1,1,1,1,1,1,1,1,1,0,0,7.0,7.0,59.2,0.995403518,1.5,1.0,1.222222222,1.375,1.0,1.2,1.153846154,1.0,1.5,1.555555556,1.375,1.166666667,1.6,1.358974359,1.0,3185.0,0.0,6.304355388,16579.0,7122.0,1170817.529,30.0,25.0,16494.0,13,0,1,0,0,0.0,55.0,8.0,0.0,6621.0,921958.3688,934.874,6.716,2.413,2.273,0,0,0.0,0,0,227.8,519.356,418.208,0.504569,EMCI
4067,0,1,0,1,0,1,0,1,0,1,0,0,0,0,5.0,11.0,65.0,1.437982646,2.0,1.25,1.111111111,1.625,1.166666667,1.0,1.205128205,1.0,1.75,1.555555556,1.625,2.0,1.0,1.473684211,1.0,3986.0,0.0,6.574362954,18904.0,8309.0,1506795.613,29.0,25.0,19846.0,16,0,0,0,0,5.0,32.0,5.0,55.55555556,22549.0,1091567.08,1112.25,23.072,3.244,3.26,0,0,0.0,0,0,238.422,575.89,477.847,57.9912,EMCI
4072,0,1,1,1,0,1,1,0,1,0,1,1,1,0,6.0,7.0,62.3,0.950659782,1.0,1.75,1.111111111,1.25,1.0,1.0,1.153846154,1.0,1.75,1.111111111,1.125,1.0,1.0,1.184210526,1.285714286,4308.0,0.0,6.94321639,20184.0,9185.0,1685849.758,29.0,26.0,19815.0,16,0,1,2,0,0.0,51.0,3.0,0.0,20590.0,1235947.893,1248.74,21.203,3.836,3.543,0,0,0.0,0,0,322.95,623.968,597.775,1.5012,EMCI
4073,0,1,1,1,0,0,0,1,0,0,1,1,1,0,12.0,17.0,76.2,1.337666236,0.5,2.75,2.888888889,3.0,1.333333333,2.2,2.282051282,1.285714286,2.5,2.111111111,2.625,1.333333333,2.0,1.972972973,1.0,2962.0,5.0,6.468412887,14996.0,7352.0,1310037.698,28.0,23.0,20437.0,11,0,0,0,0,4.0,29.0,3.0,57.14285714,37949.0,993736.9066,991.272,37.974,2.853,2.429,0,0,0.0,0,0,314.614,559.693,417.138,4.86827,EMCI
4077,0,0,1,1,0,0,1,1,0,1,0,1,1,0,14.0,23.0,75.4,0.964423774,1.0,1.25,1.222222222,2.125,1.333333333,1.0,1.384615385,1.142857143,1.25,1.555555556,1.875,1.166666667,1.75,1.447368421,1.0,3746.0,1.0,6.466623546,21003.0,6896.0,1826493.189,28.0,25.0,24273.0,18,0,0,1,0,4.0,30.0,2.0,57.14285714,64325.0,1217984.413,1232.88,66.027,2.545,2.473,0,0,0.0,0,0,404.747,684.599,567.281,4.1028,LMCI
4079,1,1,1,0,1,1,1,1,1,1,0,0,1,0,19.0,28.0,64.5,1.479220125,2.5,1.0,1.666666667,2.0,1.166666667,1.0,1.41025641,1.142857143,1.666666667,2.0,2.0,1.6,1.8,1.75,1.285714286,2698.0,3.0,5.502128872,14239.0,5799.0,1456175.376,25.0,21.0,16494.0,20,0,1,2,0,2.0,18.0,1.0,100.0,19316.0,1030235.991,1041.4,20.279,2.296,1.877,0,0,0.0,0,0,312.782,570.469,461.719,2.7444,LMCI
4094,0,1,1,1,1,1,1,1,1,1,0,0,0,0,16.0,22.0,60.0,1.054698939,3.5,4.0,3.0,3.5,3.5,3.0,3.256410256,2.857142857,2.0,2.222222222,3.0,2.0,2.0,2.205128205,1.714285714,2864.0,7.0,6.617824843,14660.0,6935.0,1174863.231,26.0,15.0,19363.0,12,0,1,0,0,3.0,25.0,2.0,42.85714286,14639.0,844743.2314,863.308,14.361,2.386,2.38,0,0,0.0,0,0,251.327,480.118,362.686,0.2304,LMCI
4102,0,0,0,1,1,1,1,1,1,1,1,1,1,1,23.0,29.0,66.9,0.978577388,2.0,1.25,1.555555556,1.625,1.0,1.2,1.307692308,1.0,2.25,2.444444444,1.875,1.166666667,1.4,1.794871795,1.428571429,2186.0,5.0,6.239689022,15840.0,5491.0,1523381.572,30.0,18.0,12213.0,14,0,1,0,0,3.0,30.0,3.0,42.85714286,65493.0,1003545.856,1024.09,66.32,2.152,2.428,0,0,0.0,0,0,350.004,548.537,463.734,4.37827,EMCI
4114,1,1,1,0,1,0,1,1,0,1,0,1,1,1,12.0,17.0,55.0,1.232504836,1.0,3.0,2.555555556,4.0,3.2,2.0,2.815789474,2.0,3.0,3.111111111,3.75,2.833333333,2.2,2.897435897,2.142857143,3791.0,1.0,7.336558956,16525.0,7676.0,1453743.032,28.0,24.0,22760.0,14,0,1,0,0,8.0,37.0,4.0,88.88888889,21876.0,1072221.64,1086.59,22.815,2.799,2.956,0,0,0.0,0,0,276.619,572.717,503.332,0.2184,LMCI
4115,0,1,1,1,1,0,1,1,0,1,1,1,1,1,7.0,15.0,67.4,0.987042683,1.0,3.0,1.888888889,2.25,1.666666667,1.4,1.846153846,1.142857143,2.25,1.888888889,2.375,1.333333333,1.4,1.769230769,1.285714286,4627.0,0.0,6.463532088,20077.0,9217.0,1602619.908,29.0,25.0,23331.0,18,0,0,0,0,6.0,40.0,3.0,75.0,24517.0,1145403.403,1155.66,25.609,3.266,3.44,0,0,0.0,0,0,293.996,638.243,505.393,2.9292,LMCI
4122,0,1,1,0,0,1,1,1,1,1,0,0,0,1,11.0,18.0,66.9,0.975470958,1.5,1.0,1.75,1.625,1.0,1.0,1.289473684,1.0,1.0,1.666666667,2.125,1.166666667,2.2,1.631578947,1.333333333,5024.0,3.0,7.18926295,29950.0,7521.0,1780728.002,30.0,25.0,19390.0,17,0,0,0,0,2.0,35.0,3.0,25.0,33693.0,1227553.015,1245.09,35.158,2.962,2.634,0,0,0.0,0,0,361.004,701.603,543.637,2.40805,LMCI
4127,0,1,0,1,1,1,0,1,1,1,1,0,0,1,4.0,8.0,63.1,1.046392694,0.5,1.75,1.555555556,1.875,1.5,1.0,1.487179487,1.142857143,1.5,2.0,1.75,1.4,1.333333333,1.611111111,1.285714286,3213.0,5.0,7.098869741,16658.0,8060.0,1329319.502,30.0,26.0,21216.0,16,0,1,0,0,2.0,55.0,8.0,14.28571429,25249.0,989599.5638,998.957,26.458,2.984,2.817,0,0,0.0,0,0,242.106,549.643,441.168,0.222918,EMCI
4128,1,1,1,0,0,1,0,1,1,0,1,1,1,1,9.0,12.0,72.8,1.222124174,0.5,2.25,3.0,2.25,1.333333333,1.4,2.128205128,2.0,1.0,1.666666667,1.25,1.166666667,1.0,1.282051282,1.285714286,3371.0,0.0,6.069938585,17480.0,6503.0,1526825.524,24.0,21.0,21477.0,12,0,1,0,0,4.0,30.0,3.0,57.14285714,44859.0,970132.5166,1002.43,45.867,2.259,2.313,0,0,0.0,0,0,325.354,522.216,441.292,1.57644,EMCI
4131,1,1,0,1,1,1,0,0,0,1,0,0,0,0,25.0,33.0,82.4,1.418079351,3.5,1.75,1.444444444,1.75,1.666666667,1.4,1.58974359,1.571428571,2.25,1.444444444,1.875,2.333333333,1.0,1.615384615,1.0,2704.0,6.0,5.328943233,15171.0,4644.0,1557169.507,24.0,18.0,15440.0,18,0,0,2,0,2.0,23.0,1.0,40.0,40851.0,1003241.125,1032.12,41.976,2.015,2.324,1,1,1.0,3,1,297.936,539.696,398.212,79.878,LMCI
4134,1,1,1,1,1,0,0,0,0,0,1,1,1,1,5.0,8.0,68.8,1.602633896,1.5,1.5,1.333333333,2.25,1.6,1.4,1.631578947,1.571428571,2.75,2.333333333,2.75,1.4,2.4,2.263157895,1.857142857,3153.0,3.0,5.541655265,15159.0,8226.0,1457581.202,30.0,26.0,19220.0,16,0,1,0,0,7.0,57.0,9.0,46.66666667,19778.0,1076904.296,1074.85,20.629,2.754,2.753,0,0,0.0,0,0,265.151,553.97,524.038,4.3704,EMCI
4136,1,1,1,1,0,0,1,1,1,0,1,0,1,1,23.0,31.0,66.7,1.520594693,5.0,3.5,2.555555556,3.75,2.333333333,2.6,2.948717949,3.0,3.5,2.888888889,3.25,2.666666667,2.8,2.974358974,2.857142857,3309.0,22.0,3.486320707,19636.0,6388.0,1843199.971,24.0,19.0,20067.0,20,0,0,0,0,6.0,29.0,5.0,66.66666667,134953.0,1215768.278,1223.19,134.41,2.746,2.861,0,0,0.0,0,0,468.837,691.454,581.321,6.99814,AD
4143,0,1,0,0,1,0,1,1,1,1,1,1,1,0,14.0,23.0,63.6,1.010246662,0.5,2.0,2.0,3.375,1.833333333,2.2,2.486486486,3.0,1.0,1.0,1.5,1.0,1.0,1.128205128,1.142857143,1999.0,1.0,6.225632933,16429.0,5637.0,1370134.665,29.0,23.0,18681.0,19,0,1,0,0,7.0,39.0,6.0,70.0,41644.0,945306.19,950.71,42.661,2.255,1.779,0,0,0.0,0,0,303.131,523.199,417.554,4.4232,EMCI
4149,1,1,1,1,0,1,1,1,1,0,1,0,1,1,10.0,17.0,73.3,1.163583486,2.0,2.0,1.888888889,1.875,1.0,1.4,1.538461538,1.0,1.0,1.555555556,1.5,1.166666667,1.0,1.256410256,1.0,3910.0,0.0,6.610733598,17576.0,7913.0,1731281.037,24.0,21.0,24291.0,14,0,0,0,0,5.0,28.0,2.0,83.33333333,36247.0,1172190.124,1184.45,37.058,3.031,2.803,0,0,0.0,0,0,327.461,630.771,494.057,15.3213,EMCI
4152,0,0,1,0,1,0,1,1,1,1,0,1,1,1,37.0,51.0,60.7,1.382303078,6.0,1.5,1.375,1.5,2.166666667,1.0,1.447368421,1.142857143,2.25,2.777777778,3.25,3.166666667,2.4,2.666666667,1.857142857,3120.0,16.0,3.937659034,16872.0,6696.0,1451342.258,20.0,4.0,15846.0,18,0,0,0,0,1.0,5.0,-1.0,100.0,51036.0,1004904.895,999.254,51.215,2.952,2.61,0,0,0.0,0,0,355.786,552.849,464.361,1.58925,AD
4157,0,1,1,0,0,1,0,0,1,0,1,1,1,1,11.0,15.0,81.1,1.414594783,1.5,1.25,2.0,1.75,2.0,1.6,1.743589744,1.571428571,1.5,1.333333333,2.125,1.833333333,1.2,1.526315789,1.0,3053.0,1.0,6.499560499,16833.0,5111.0,1392970.694,29.0,23.0,16688.0,19,0,1,4,0,5.0,29.0,7.0,62.5,37772.0,903638.9687,916.378,37.692,1.992,2.245,0,0,0.0,0,0,308.8,523.025,391.049,14.2828,EMCI
4159,0,1,1,1,0,1,1,0,1,1,0,0,1,0,10.0,16.0,71.0,1.060044608,1.0,2.25,2.777777778,2.5,2.333333333,1.8,2.461538462,2.714285714,1.666666667,1.777777778,2.0,2.2,1.0,1.675675676,1.285714286,3450.0,0.0,6.703833643,19814.0,6659.0,1531091.707,30.0,25.0,19626.0,19,0,1,0,0,3.0,49.0,10.0,21.42857143,29515.0,1044321.318,1063.79,31.117,2.647,2.499,0,0,0.0,0,0,308.597,585.406,482.304,2.06233,EMCI
4168,1,1,1,1,0,0,0,1,0,0,1,1,0,1,8.0,11.0,82.2,1.082274431,0.5,1.25,1.0,1.0,1.0,1.0,1.025641026,1.0,1.333333333,1.111111111,1.375,1.0,1.2,1.157894737,1.0,5322.0,1.0,6.853853649,17948.0,7532.0,1470906.885,29.0,24.0,20255.0,17,0,0,0,0,5.0,30.0,9.0,45.45454545,33419.0,1082485.352,1073.36,32.631,2.968,2.903,0,0,0.0,0,0,345.932,595.264,476.14,13.027,EMCI
4169,0,1,1,0,1,1,1,1,1,0,0,0,1,1,5.0,6.0,62.0,1.122335621,0.5,1.5,1.222222222,2.25,1.0,1.0,1.358974359,1.0,1.0,1.0,1.5,1.333333333,1.2,1.179487179,1.0,3678.0,2.0,6.623646482,20771.0,7472.0,1575017.151,28.0,25.0,22125.0,13,0,1,2,2,2.0,37.0,6.0,20.0,21010.0,1160331.126,1187.58,21.908,2.869,2.705,0,0,0.0,0,0,252.614,606.446,557.39,2.1216,LMCI
4170,1,1,1,1,1,1,1,0,1,0,1,0,0,1,3.0,4.0,65.6,1.200229946,1.5,1.75,1.666666667,1.625,1.166666667,1.2,1.461538462,1.285714286,2.5,1.666666667,1.625,1.333333333,1.4,1.58974359,1.285714286,3957.0,1.0,7.67828387,18454.0,9155.0,1432290.005,30.0,28.0,23566.0,18,0,1,4,1,2.0,55.0,8.0,14.28571429,10725.0,1105794.088,1128.04,10.695,3.201,3.221,0,0,0.0,0,0,232.787,584.993,489.556,0.8592,LMCI
4171,0,1,1,1,1,0,1,0,1,1,0,1,0,0,16.0,24.0,69.4,1.560148394,1.5,1.75,2.888888889,2.375,1.166666667,1.4,1.871794872,1.0,3.0,3.666666667,3.25,1.833333333,2.25,2.621621622,1.285714286,2890.0,5.0,5.30646024,15698.0,7108.0,1572116.771,28.0,20.0,15910.0,16,0,0,0,0,2.0,38.0,2.0,28.57142857,32225.0,1004207.483,1016.31,32.313,2.927,2.619,0,0,0.0,0,0,393.863,557.621,468.85,1.3488,LMCI
4175,1,0,1,1,1,0,1,0,0,1,1,1,1,0,9.0,12.0,75.5,1.173647757,2.5,1.25,1.222222222,1.25,1.0,1.0,1.128205128,1.0,2.5,2.666666667,2.25,1.5,1.6,2.051282051,1.571428571,4543.0,6.0,5.917110131,19112.0,8306.0,1468718.497,27.0,19.0,19636.0,20,0,0,0,0,8.0,31.0,4.0,100.0,23105.0,1055782.626,1070.93,24.37,3.076,2.885,0,0,0.0,0,0,313.494,565.903,512.888,0.7248,EMCI
4184,0,1,1,1,1,1,0,1,1,1,0,0,1,0,3.0,4.0,62.3,0.979860653,0.5,2.0,2.222222222,2.0,1.666666667,1.0,1.769230769,1.428571429,1.333333333,1.111111111,1.375,1.333333333,1.2,1.263157895,1.285714286,4965.0,0.0,6.722188335,17659.0,7442.0,1391556.445,30.0,26.0,18233.0,20,0,1,0,0,2.0,60.0,6.0,14.28571429,22533.0,1047003.313,1067.59,22.953,2.744,2.785,0,0,0.0,0,0,232.114,561.122,492.231,0.569976,EMCI
4187,0,1,1,1,1,0,1,1,1,1,1,1,1,0,12.0,17.0,62.0,1.020420561,0.5,2.5,1.777777778,2.625,2.333333333,2.0,2.051282051,1.285714286,1.5,1.0,2.375,2.0,2.2,1.638888889,1.0,4348.0,0.0,7.376286893,26280.0,8628.0,1612570.031,29.0,22.0,25243.0,16,0,0,0,0,2.0,27.0,3.0,33.33333333,14042.0,1302060.469,1325.12,14.674,3.084,3.05,0,0,0.0,0,0,283.739,704.356,623.348,1.3368,LMCI
4188,1,1,0,1,1,0,1,1,1,1,1,0,1,0,16.0,27.0,77.2,1.422028281,1.0,1.5,1.222222222,1.875,1.0,1.0,1.282051282,1.0,2.0,2.125,3.25,2.2,1.4,2.111111111,1.166666667,2832.0,5.0,6.267441597,18354.0,6696.0,1739396.642,28.0,27.0,21851.0,14,0,0,0,0,4.0,25.0,2.0,66.66666667,49457.0,1118137.238,1154.17,49.762,2.98,2.687,0,0,0.0,0,0,367.368,613.161,494.241,4.42766,EMCI
4189,1,0,0,0,1,1,0,0,1,1,0,1,0,0,18.0,27.0,73.1,1.292415262,2.5,1.75,1.333333333,1.75,1.0,1.2,1.368421053,1.142857143,4.0,3.333333333,3.75,3.833333333,3.8,3.717948718,3.857142857,1898.0,11.0,6.303620028,11977.0,5960.0,1534959.103,28.0,21.0,15806.0,15,0,1,0,0,6.0,35.0,1.0,75.0,45561.0,1025431.641,1044.83,45.492,2.069,2.491,0,0,0.0,0,0,330.06,498.129,497.971,4.84813,LMCI
4194,0,0,1,1,0,1,0,0,0,0,1,1,1,0,7.0,12.0,62.0,0.972341707,0.5,2.0,1.222222222,3.0,2.0,1.4,1.763157895,1.142857143,1.75,1.0,1.5,1.75,1.0,1.27027027,1.0,4380.0,2.0,6.182125985,15855.0,8792.0,1501270.151,30.0,25.0,18184.0,16,0,0,0,0,4.0,41.0,4.0,40.0,11687.0,1089457.569,1133.65,11.215,3.126,2.986,0,0,0.0,0,0,281.525,565.481,518.064,1.7808,LMCI
4195,2,1,1,0,1,1,0,0,0,1,1,0,1,1,25.0,36.0,62.2,1.391569241,5.0,1.666666667,1.625,2.5,1.0,1.0,1.617647059,1.333333333,3.0,2.888888889,4.0,3.833333333,2.6,3.230769231,2.857142857,2961.0,13.0,4.542622451,16380.0,5948.0,1406895.032,21.0,11.0,16800.0,16,0,0,0,0,5.0,22.0,2.0,100.0,18408.0,966402.929,987.886,19.725,2.065,2.3,0,0,0.0,0,0,275.41,525.986,447.901,0.3648,AD
4197,1,1,1,1,1,1,0,0,0,0,0,1,0,1,9.0,15.0,79.3,1.518702033,0.5,1.75,1.333333333,2.625,1.333333333,1.0,1.58974359,1.285714286,1.75,1.777777778,1.75,2.333333333,1.6,1.717948718,1.142857143,2846.0,5.0,6.16655669,19888.0,6584.0,1554301.608,30.0,25.0,22623.0,20,0,0,0,0,3.0,37.0,2.0,42.85714286,61136.0,1103649.937,1129.3,62.417,2.569,2.114,0,0,0.0,0,0,372.542,643.121,508.711,11.9618,LMCI
4199,0,1,1,1,1,1,1,1,0,0,1,1,0,1,13.0,16.0,59.0,0.971827158,2.0,4.0,1.666666667,3.0,2.4,2.4,2.432432432,1.833333333,1.0,1.0,2.625,1.0,1.0,1.358974359,1.142857143,4564.0,4.0,6.94926788,20053.0,8303.0,1492096.784,29.0,24.0,21592.0,16,0,0,0,0,3.0,44.0,4.0,27.27272727,22275.0,1102954.118,1110.85,23.601,3.09,2.964,0,0,0.0,0,0,292.302,581.867,524.964,0.9156,EMCI
4201,2,1,1,1,1,1,0,0,0,0,1,1,1,0,14.0,24.0,64.0,1.314746847,6.0,1.0,1.444444444,1.5,1.0,1.2,1.236842105,1.0,3.0,2.555555556,4.0,4.0,3.0,3.230769231,2.857142857,2719.0,16.0,3.962822366,14615.0,4657.0,1360484.494,24.0,24.0,12522.0,15,0,1,0,0,6.0,26.0,2.0,100.0,24836.0,918708.0604,909.218,25.405,2.204,2.351,0,0,0.0,0,0,295.683,480.027,417.152,2.09177,AD
4202,0,1,1,1,1,0,0,1,0,1,1,0,1,0,7.0,12.0,70.5,1.042708333,1.0,2.0,1.888888889,2.0,2.0,2.0,1.871794872,1.428571429,2.5,1.444444444,3.0,2.25,1.8,2.027027027,1.428571429,4384.0,4.0,6.992066757,19570.0,6849.0,1699187.768,28.0,26.0,21535.0,18,0,0,0,0,5.0,30.0,4.0,62.5,33667.0,1146275.284,1169.75,34.63,2.661,2.328,0,0,0.0,0,0,310.205,592.757,563.774,1.77,EMCI
4203,1,1,1,0,1,1,0,0,1,1,1,0,0,0,8.0,12.0,74.4,1.294250145,3.0,1.75,1.333333333,1.875,1.5,1.6,1.641025641,1.857142857,3.75,3.111111111,3.375,3.166666667,3.2,3.153846154,2.571428571,1497.0,11.0,5.937028684,14056.0,5715.0,1466932.597,30.0,25.0,17266.0,17,0,1,4,0,3.0,31.0,0.0,50.0,60070.0,914573.8443,943.989,59.53,1.747,1.625,0,0,0.0,0,0,383.977,514.864,398.61,0.2088,LMCI
4205,0,1,1,1,1,0,1,0,1,1,1,1,1,0,8.0,11.0,81.4,1.299472583,0.5,1.75,1.444444444,2.285714286,2.5,1.4,1.710526316,1.0,1.0,1.222222222,2.285714286,1.0,1.0,1.289473684,1.0,4008.0,0.0,6.246142853,16571.0,6354.0,1482491.179,29.0,25.0,19568.0,18,0,1,0,0,9.0,51.0,10.0,60.0,52576.0,1009223.57,1023.45,54.578,2.544,2.355,0,0,0.0,0,0,307.355,540.874,459.68,15.6708,EMCI
4206,0,1,1,1,0,1,1,1,0,1,1,0,0,1,12.0,18.0,68.6,1.021432986,2.0,4.0,3.555555556,3.125,3.5,3.0,3.333333333,3.0,2.25,1.444444444,1.75,1.833333333,1.6,1.615384615,1.142857143,3786.0,0.0,5.8766999,19935.0,6755.0,1566580.378,26.0,22.0,22158.0,17,0,0,0,0,8.0,37.0,6.0,80.0,74738.0,1032747.738,1037.78,76.204,2.725,2.326,0,0,0.0,0,0,358.882,586.436,465.857,0.485881,EMCI
4210,1,1,1,1,1,1,1,0,1,1,0,0,1,0,7.0,13.0,63.9,1.03176155,0.5,1.25,1.555555556,1.625,1.5,1.0,1.358974359,1.0,1.0,1.333333333,1.25,1.166666667,1.0,1.179487179,1.142857143,4253.0,0.0,6.937967865,21999.0,9229.0,1570334.311,29.0,22.0,20620.0,18,0,0,0,0,5.0,27.0,4.0,62.5,12948.0,1228206.838,1236.35,13.025,3.415,3.335,0,0,0.0,0,0,280.152,650.057,582.243,1.37759,LMCI
4211,0,1,1,1,0,0,0,0,1,1,0,1,0,0,11.0,19.0,80.9,1.399861136,5.0,3.5,3.857142857,3.75,3.0,2.4,3.454545455,4.0,2.0,2.222222222,2.625,2.5,2.6,2.384615385,2.285714286,3271.0,3.0,5.723877242,16476.0,4981.0,1352542.188,22.0,15.0,16135.0,15,0,1,0,0,1.0,20.0,2.0,25.0,30024.0,851395.8621,868.485,30.532,1.854,1.947,0,0,0.0,0,0,290.243,479.482,364.589,2.1984,AD
4212,0,1,1,1,1,1,0,1,1,0,0,1,1,0,5.0,8.0,64.7,1.032020734,0.5,1.25,1.222222222,1.75,1.0,1.0,1.230769231,1.0,1.5,1.111111111,1.625,1.333333333,1.0,1.282051282,1.142857143,3619.0,0.0,6.255708345,23795.0,8248.0,1818552.824,29.0,27.0,26974.0,20,0,0,0,0,4.0,49.0,5.0,36.36363636,64357.0,1258428.856,1270.1,66.548,3.169,3.167,0,0,0.0,0,0,330.166,679.793,575.304,1.9236,EMCI
4214,0,1,1,0,1,1,1,0,1,0,0,1,0,1,9.0,14.0,74.2,0.975288916,1.0,1.25,1.222222222,1.25,1.333333333,1.0,1.179487179,1.0,2.0,1.0,1.625,1.166666667,1.0,1.256410256,1.0,4038.0,0.0,5.650449513,16924.0,7326.0,1499668.586,30.0,20.0,18121.0,20,0,0,0,0,6.0,22.0,4.0,85.71428571,83689.0,946272.2427,958.393,84.706,2.874,2.814,0,0,0.0,0,0,361.47,535.254,428.162,1.9476,LMCI
4216,0,1,1,1,0,1,1,1,1,1,1,1,0,1,14.0,18.0,56.4,0.994444444,2.5,1.5,2.444444444,1.625,1.833333333,1.2,1.871794872,2.142857143,1.75,1.666666667,1.5,1.666666667,1.4,1.615384615,1.714285714,3959.0,0.0,6.284959205,21592.0,7777.0,1754648.67,29.0,22.0,23666.0,14,0,0,2,0,4.0,28.0,5.0,50.0,46731.0,1225392.945,1238.32,48.12,3.067,2.859,0,0,0.0,0,0,340.327,671.17,577.573,0.6516,EMCI
4217,0,0,1,1,1,1,1,0,1,1,0,0,1,1,3.0,6.0,76.4,0.908551017,0.5,1.75,1.777777778,2.25,1.166666667,1.6,1.641025641,1.142857143,2.25,2.333333333,3.5,1.166666667,1.6,2.051282051,1.0,3868.0,0.0,6.343357633,18879.0,7682.0,1606065.148,30.0,24.0,21633.0,16,0,0,0,0,8.0,40.0,9.0,61.53846154,41171.0,1061584.825,1086.66,42.086,3.0,2.926,0,0,0.0,0,0,328.729,601.032,485.748,3.048,EMCI
4219,0,0,1,1,1,0,0,1,0,0,1,0,1,1,7.0,9.0,79.4,1.03835923,1.0,1.25,1.333333333,1.75,1.166666667,1.2,1.333333333,1.142857143,1.0,1.0,1.0,1.0,1.0,1.0,1.0,3787.0,0.0,6.540097308,19019.0,6383.0,1569068.247,30.0,22.0,18469.0,17,0,1,1,0,5.0,40.0,8.0,45.45454545,40437.0,977965.3193,1013.03,40.518,2.236,2.493,0,0,0.0,0,0,353.617,552.254,429.398,1.1256,LMCI
4220,0,1,1,1,1,0,1,0,1,0,0,0,0,1,2.0,5.0,71.2,1.019089214,0.5,1.25,2.333333333,3.0,1.166666667,1.0,1.820512821,1.285714286,1.0,1.222222222,1.25,1.0,1.0,1.102564103,1.0,4050.0,0.0,6.306481694,16578.0,7851.0,1329337.128,30.0,22.0,18593.0,18,0,1,2,0,2.0,47.0,7.0,15.38461538,23127.0,1003472.081,1012.71,24.38,2.573,2.53,0,0,0.0,0,0,282.882,555.025,441.909,7.91311,EMCI
4223,0,1,1,1,1,0,1,0,0,0,0,1,1,1,31.0,43.0,75.8,1.106871452,4.5,2.25,2.333333333,2.25,2.25,1.666666667,2.264705882,2.5,3.75,3.777777778,2.875,3.166666667,2.6,3.102564103,2.428571429,3690.0,21.0,4.368419716,18518.0,6353.0,1831464.901,23.0,9.0,23179.0,16,0,0,0,0,1.0,1.0,1.0,100.0,61262.0,1135363.287,1153.54,61.004,2.557,2.568,0,0,0.0,0,0,388.728,603.194,533.598,14.3352,AD
4226,0,1,0,0,1,1,1,0,1,0,0,1,0,1,6.0,7.0,62.9,1.115832835,0.5,1.0,1.0,1.5,1.0,1.0,1.102564103,1.0,2.0,1.111111111,1.5,1.8,1.2,1.368421053,1.0,3801.0,0.0,6.856919477,14540.0,8065.0,1185733.751,29.0,22.0,19453.0,17,0,1,4,0,4.0,54.0,6.0,30.76923077,5650.0,955872.687,963.186,5.819,3.241,3.133,0,0,0.0,0,0,218.647,502.68,438.325,1.92884,EMCI
4229,0,0,0,1,0,1,0,1,1,1,0,1,1,0,8.0,11.0,66.4,1.006163991,0.5,2.0,1.888888889,1.625,1.0,1.4,1.487179487,1.0,1.0,1.0,1.25,1.0,1.0,1.051282051,1.0,3936.0,0.0,6.96365181,18121.0,6916.0,1624330.074,29.0,22.0,20895.0,15,0,0,0,0,7.0,25.0,4.0,100.0,63750.0,1062924.56,1077.75,64.519,2.778,2.544,0,0,0.0,0,0,355.883,616.188,461.886,5.058,LMCI
4232,0,1,1,1,0,1,0,1,1,0,1,1,1,1,7.0,9.0,74.2,1.031819456,2.0,2.0,1.666666667,1.5,1.25,1.8,1.513513514,1.0,1.5,1.333333333,1.25,1.25,1.75,1.323529412,1.0,4198.0,1.0,5.865496746,18135.0,7423.0,1412218.766,29.0,23.0,19696.0,16,0,0,0,0,2.0,23.0,4.0,28.57142857,17961.0,1069179.323,1086.09,19.21,2.805,2.596,0,0,0.0,0,0,251.502,558.897,511.594,2.60961,EMCI
4237,0,1,1,1,1,1,1,0,1,0,1,1,1,1,12.0,18.0,80.9,0.977783225,1.0,1.75,2.222222222,1.875,1.0,1.4,1.58974359,1.0,2.0,1.444444444,1.5,1.0,1.0,1.384615385,1.428571429,3915.0,0.0,6.17066883,16367.0,6102.0,1516250.347,29.0,23.0,18784.0,13,0,1,4,0,9.0,25.0,9.0,100.0,92447.0,976303.8239,989.552,92.465,2.366,2.369,0,0,0.0,0,0,432.047,589.818,392.741,2.736,EMCI
4240,2,1,1,0,0,1,1,0,0,1,0,0,0,1,19.0,31.0,70.8,1.508174519,2.5,3.0,3.444444444,3.5,3.0,3.2,3.333333333,3.571428571,2.25,2.0,3.625,2.5,1.8,2.435897436,2.142857143,3058.0,7.0,5.892189133,14680.0,5341.0,1501324.492,28.0,23.0,19472.0,20,0,0,0,0,5.0,27.0,0.0,100.0,36852.0,1002716.901,1044.67,36.819,2.139,1.944,0,0,0.0,0,0,341.978,550.897,457.649,10.1024,LMCI
4251,0,0,1,1,1,1,1,1,1,0,1,0,1,1,8.0,12.0,71.9,1.002523874,0.5,2.0,1.555555556,1.5,1.0,1.4,1.487179487,1.571428571,1.0,1.0,1.125,1.0,1.0,1.051282051,1.142857143,3368.0,0.0,7.363213653,17774.0,7774.0,1516947.326,30.0,23.0,20659.0,19,0,0,0,0,5.0,42.0,1.0,55.55555556,22398.0,1066463.665,1085.68,22.91,2.643,2.679,2,1,2.0,6,1,305.057,581.585,461.419,8.41082,LMCI
4252,1,1,1,1,1,0,1,1,0,1,1,1,1,1,22.0,34.0,86.5,1.454768271,5.0,1.75,1.0,1.75,1.333333333,1.0,1.421052632,1.833333333,3.75,3.0,4.0,3.5,3.6,3.487179487,3.285714286,2468.0,27.0,5.339690083,13754.0,4800.0,1464896.109,22.0,16.0,17587.0,16,0,1,1,0,5.0,19.0,3.0,100.0,61708.0,894110.0604,920.779,61.428,1.928,1.918,0,0,0.0,0,0,377.509,542.996,363.258,6.732,AD
4256,1,1,1,0,0,0,1,1,1,1,1,1,0,1,8.0,14.0,62.8,1.207071144,0.5,4.0,2.444444444,2.875,1.833333333,1.2,2.435897436,2.428571429,2.0,1.777777778,2.142857143,1.25,1.2,1.777777778,2.0,3662.0,0.0,6.931939327,21073.0,6613.0,1502677.386,29.0,26.0,20226.0,20,0,1,0,0,3.0,55.0,6.0,21.42857143,21504.0,1077824.269,1092.69,22.841,2.415,2.37,0,0,0.0,0,0,299.742,578.477,502.674,0.57,EMCI
4258,1,1,1,1,1,1,0,1,1,1,1,1,0,1,19.0,29.0,75.8,1.235781264,2.5,2.5,2.333333333,3.375,3.0,2.6,2.692307692,2.285714286,4.0,3.555555556,4.0,3.166666667,2.0,3.263157895,2.5,3813.0,10.0,5.811797468,20263.0,6697.0,1846787.92,24.0,18.0,21885.0,14,0,0,0,0,4.0,17.0,2.0,100.0,44708.0,1239575.034,1261.9,46.68,2.364,2.504,0,0,0.0,0,0,373.032,676.834,573.604,0.9444,AD
4259,1,1,0,1,0,0,1,1,1,0,1,1,1,0,4.0,9.0,63.0,1.281578719,0.5,2.5,1.777777778,2.625,2.833333333,2.4,2.256410256,1.714285714,1.0,1.0,1.25,1.166666667,1.0,1.076923077,1.0,3543.0,0.0,6.013745783,18703.0,6342.0,1428898.858,29.0,28.0,19623.0,20,0,1,2,0,2.0,55.0,6.0,15.38461538,15449.0,1019073.565,1031.35,16.223,2.47,2.316,2,1,1.0,7,1,263.545,551.651,456.348,4.73734,EMCI
4263,1,1,0,1,0,1,1,1,1,1,1,0,1,0,13.0,20.0,74.3,1.857790688,2.5,2.75,1.777777778,2.25,1.6,2.0,1.868421053,1.142857143,1.25,1.444444444,2.875,2.25,1.8,1.837837838,1.285714286,3875.0,4.0,6.097609618,24978.0,6622.0,1760969.146,27.0,21.0,25611.0,20,0,0,0,0,7.0,31.0,3.0,87.5,65865.0,1137154.977,1150.13,67.911,2.54,2.508,0,0,0.0,0,0,403.403,658.662,486.103,0.795564,LMCI
4268,0,1,1,1,1,1,1,0,1,1,1,1,0,0,9.0,12.0,63.5,0.974485958,0.5,2.5,2.0,2.125,1.666666667,1.6,1.868421053,1.333333333,1.0,1.111111111,1.125,1.0,1.0,1.051282051,1.0,3663.0,0.0,6.297590296,17295.0,7919.0,1486575.352,29.0,23.0,18144.0,15,0,1,0,0,4.0,45.0,8.0,33.33333333,18155.0,1031010.082,1066.49,18.281,3.025,2.691,0,0,0.0,0,0,301.512,547.726,468.54,0.401787,EMCI
4271,0,1,1,0,0,1,1,1,1,1,1,0,0,1,7.0,11.0,61.8,1.02717076,0.5,1.5,2.0,2.125,1.75,1.6,1.837837838,1.714285714,1.0,1.222222222,2.625,1.0,1.0,1.384615385,1.0,2098.0,2.0,6.561380925,16377.0,4695.0,1426705.416,30.0,24.0,16647.0,20,0,0,0,0,13.0,46.0,8.0,100.0,24652.0,968216.2214,981.28,25.161,1.987,1.611,0,0,0.0,0,0,299.852,512.629,435.271,0.5856,EMCI
4274,1,1,1,1,1,0,1,1,1,1,1,0,1,1,4.0,9.0,63.0,1.005306368,1.0,1.5,1.444444444,2.25,1.0,1.4,1.461538462,1.0,1.0,1.111111111,1.375,1.0,1.0,1.102564103,1.0,3354.0,0.0,6.833359575,21800.0,9180.0,1579804.513,30.0,27.0,22141.0,14,0,0,0,0,6.0,43.0,7.0,50.0,25466.0,1154792.67,1173.03,26.582,3.219,3.114,0,0,0.0,0,0,260.359,628.31,552.474,0.3048,EMCI
4280,1,1,1,0,1,1,1,0,0,1,0,1,0,1,18.0,27.0,79.7,1.102866742,5.0,1.5,1.777777778,2.75,2.666666667,1.4,1.948717949,1.285714286,3.0,3.888888889,4.0,3.2,3.333333333,3.441176471,2.4,2379.0,20.0,5.835161148,18363.0,4459.0,1573327.018,24.0,19.0,16942.0,16,0,0,0,0,5.0,27.0,0.0,100.0,26387.0,986052.054,1003.64,27.321,1.739,1.843,0,0,0.0,0,0,371.3,559.257,432.884,2.03296,AD
4281,0,0,1,1,0,1,1,1,1,0,0,1,1,1,7.0,12.0,77.5,1.019050948,0.5,2.0,2.0,2.25,1.0,1.2,1.641025641,1.142857143,1.5,1.444444444,1.5,1.0,1.0,1.256410256,1.0,3958.0,0.0,7.726841691,16859.0,7462.0,1426060.754,27.0,28.0,18621.0,18,0,1,1,0,4.0,48.0,6.0,36.36363636,25089.0,1051261.546,1053.52,26.753,2.807,2.743,0,0,0.0,0,0,289.05,551.824,472.808,15.6416,EMCI
4285,0,1,1,0,0,0,1,1,1,1,1,0,1,1,12.0,18.0,74.0,0.975470171,0.5,1.0,1.0,1.125,1.0,1.0,1.025641026,1.0,1.0,1.0,1.25,1.333333333,1.0,1.105263158,1.0,4220.0,0.0,6.607882821,19430.0,8156.0,1771209.651,29.0,23.0,22967.0,16,0,0,0,0,3.0,23.0,3.0,50.0,34908.0,1187487.956,1220.3,35.687,3.261,3.241,0,0,0.0,0,0,424.602,669.374,529.483,15.2484,EMCI
4287,1,1,1,0,0,1,0,0,0,1,0,0,1,1,12.0,18.0,70.9,1.529586672,1.5,1.0,1.666666667,1.625,1.166666667,1.0,1.333333333,1.142857143,2.0,2.666666667,2.875,3.333333333,3.0,2.769230769,2.571428571,3155.0,3.0,6.811779151,16643.0,7362.0,1275760.805,29.0,26.0,18626.0,17,0,1,0,2,6.0,26.0,2.0,100.0,16238.0,971471.8798,967.616,18.079,2.743,2.616,0,0,0.0,0,0,245.13,511.665,436.359,6.71707,LMCI
4297,1,0,1,1,1,1,1,0,1,1,1,1,0,0,12.0,19.0,83.0,1.281510307,1.0,2.0,1.888888889,2.25,1.5,2.0,1.846153846,1.428571429,2.0,2.222222222,3.0,2.0,2.0,2.282051282,2.142857143,3344.0,2.0,6.021527068,16173.0,5919.0,1517554.185,29.0,20.0,20196.0,12,0,0,0,0,7.0,26.0,4.0,100.0,46381.0,1020635.074,1030.01,46.382,2.347,2.491,0,0,0.0,0,0,311.993,582.712,424.979,25.8984,EMCI
4300,0,1,1,0,1,1,0,1,1,1,1,1,1,1,11.0,17.0,80.6,0.990223985,1.5,2.5,2.888888889,2.625,3.6,2.8,2.722222222,1.8,1.0,1.666666667,2.0,1.0,1.0,1.424242424,1.0,3734.0,0.0,5.544020513,15760.0,5742.0,1501607.294,26.0,23.0,20564.0,16,0,1,0,0,8.0,36.0,5.0,80.0,105953.0,892011.5038,918.778,106.383,2.291,2.269,0,0,0.0,0,0,386.222,510.307,382.29,14.1684,LMCI
4301,0,1,1,1,0,1,0,0,1,1,1,0,1,0,7.0,15.0,74.6,1.031450303,0.5,1.75,1.571428571,2.875,1.333333333,1.75,1.857142857,1.5,1.5,1.666666667,2.8,2.0,1.4,1.777777778,1.428571429,3144.0,9.0,6.430492227,18118.0,5257.0,1634107.399,28.0,24.0,21990.0,18,0,0,0,0,6.0,33.0,4.0,75.0,69620.0,1035366.172,1053.52,69.635,1.809,2.169,0,0,0.0,0,0,357.312,566.707,486.565,11.5542,EMCI
4302,0,1,1,0,1,1,0,0,1,0,0,1,0,1,13.0,21.0,76.1,1.183118493,1.0,1.75,2.444444444,2.5,2.0,1.2,1.945945946,1.285714286,2.25,2.666666667,2.875,1.333333333,1.8,2.230769231,2.0,3919.0,3.0,5.739806375,19940.0,7038.0,1514087.212,25.0,20.0,19064.0,20,0,0,0,0,4.0,22.0,0.0,100.0,67835.0,1030416.335,1039.98,68.984,3.015,2.706,0,0,0.0,0,0,360.394,611.851,427.276,10.5312,LMCI
4303,1,1,1,1,0,1,0,1,0,1,1,0,1,0,12.0,19.0,80.2,1.860714286,1.5,1.75,3.222222222,3.25,1.666666667,1.2,2.205128205,1.142857143,2.5,1.777777778,3.625,2.0,2.4,2.358974359,1.857142857,2935.0,1.0,6.138363795,14179.0,5210.0,1510210.534,30.0,22.0,19285.0,20,0,1,1,0,6.0,28.0,3.0,85.71428571,46668.0,979250.7133,997.195,47.579,2.21,2.234,0,0,0.0,0,0,329.508,559.563,431.443,10.7441,LMCI
4307,1,1,1,0,0,1,0,0,0,1,0,1,1,1,23.0,33.0,78.5,1.319858778,4.0,1.5,1.555555556,3.375,3.333333333,1.6,2.153846154,1.285714286,2.75,3.555555556,3.125,3.166666667,2.8,3.051282051,2.571428571,2152.0,17.0,4.956528104,16940.0,4970.0,1474920.87,22.0,17.0,19675.0,16,0,0,0,0,5.0,23.0,2.0,100.0,84346.0,1009244.429,1001.57,84.936,2.663,1.893,0,0,0.0,0,0,421.432,569.135,455.531,8.14304,AD
4309,1,1,1,0,1,1,0,1,0,1,1,1,1,0,8.0,12.0,68.2,1.178643818,1.0,1.75,1.666666667,2.0,1.166666667,1.4,1.512820513,1.0,1.5,1.0,1.5,1.0,1.4,1.205128205,1.0,4058.0,0.0,7.148443833,17169.0,8327.0,1506403.784,27.0,28.0,20071.0,16,0,0,0,0,2.0,50.0,7.0,16.66666667,16578.0,1096256.642,1103.92,17.299,3.276,3.027,0,0,0.0,0,0,281.248,574.019,501.901,5.5572,EMCI
4311,0,1,0,1,0,1,0,0,1,1,1,0,0,1,8.0,18.0,72.5,1.124431869,1.0,2.25,1.666666667,1.875,1.833333333,1.2,1.631578947,1.0,1.75,2.0,2.25,1.0,1.8,1.710526316,1.142857143,2951.0,0.0,6.275046487,18108.0,5497.0,1553186.426,28.0,21.0,18088.0,18,0,1,0,0,4.0,44.0,5.0,36.36363636,31490.0,1057596.969,1073.86,32.12,2.245,2.37,0,0,0.0,0,0,314.735,539.13,503.68,5.5224,LMCI
4324,1,1,1,0,1,1,1,1,1,1,1,1,1,1,13.0,20.0,62.8,1.49387462,4.5,1.25,1.0,1.5,1.166666667,1.0,1.153846154,1.0,2.25,2.666666667,3.625,3.0,2.2,2.675675676,2.0,2609.0,15.0,5.567120914,14367.0,6059.0,1351672.499,27.0,21.0,17098.0,14,0,1,0,0,4.0,21.0,2.0,80.0,50109.0,878159.725,893.653,50.878,2.295,2.32,0,0,0.0,0,0,286.3,493.811,384.302,4.668,LMCI
4328,1,0,1,1,0,1,0,1,1,0,0,1,1,1,8.0,14.0,67.6,0.951307162,0.5,2.0,1.666666667,1.875,1.0,1.2,1.487179487,1.142857143,1.25,1.555555556,1.75,1.166666667,2.0,1.538461538,1.428571429,3757.0,0.0,6.563279841,12656.0,7038.0,1244216.953,29.0,20.0,16757.0,14,0,1,0,6,3.0,37.0,5.0,33.33333333,11930.0,863270.9543,871.814,12.753,2.53,2.493,0,0,0.0,0,0,229.369,461.898,392.212,1.32149,EMCI
4332,0,1,1,1,0,0,1,0,0,0,1,0,0,0,4.0,5.0,69.0,1.165605988,0.5,2.0,1.714285714,2.125,2.25,1.5,1.787878788,1.166666667,1.5,1.333333333,1.25,1.666666667,1.4,1.333333333,1.0,4574.0,2.0,6.856476275,26977.0,7004.0,1938015.557,28.0,25.0,28682.0,14,0,0,1,0,6.0,47.0,6.0,50.0,71035.0,1342716.964,1370.13,72.289,2.774,2.728,1,1,1.0,7,1,333.45,746.014,614.147,3.8688,EMCI
4346,2,1,0,1,1,1,1,1,0,1,1,0,1,0,11.0,19.0,71.3,1.225226265,1.5,1.0,1.111111111,2.0,1.0,1.0,1.256410256,1.142857143,2.25,2.555555556,3.5,2.5,3.4,2.763157895,2.166666667,2449.0,15.0,6.174089961,17274.0,6021.0,1808216.291,29.0,27.0,18693.0,18,0,0,0,0,10.0,44.0,3.0,100.0,55341.0,1149749.829,1184.09,54.623,2.52,2.342,0,0,0.0,0,0,423.201,664.308,492.863,3.59739,LMCI
4351,1,1,1,1,1,1,1,1,0,1,1,1,1,0,10.0,17.0,67.8,1.319749431,0.5,1.25,1.111111111,1.5,1.0,1.0,1.205128205,1.285714286,1.0,1.0,1.125,1.0,1.0,1.025641026,1.0,3919.0,0.0,7.198614107,17517.0,6806.0,1466239.764,29.0,24.0,22536.0,16,0,1,0,0,2.0,33.0,3.0,25.0,26381.0,1035938.631,1048.07,26.961,2.781,2.673,0,0,0.0,0,0,316.01,603.661,434.532,0.7116,EMCI
4353,1,0,1,0,0,0,1,1,0,0,1,1,0,0,16.0,27.0,55.6,1.718290972,4.5,3.25,2.111111111,3.5,3.166666667,2.4,2.692307692,2.0,3.25,2.333333333,3.5,2.0,2.4,2.435897436,1.285714286,3394.0,10.0,4.203781419,16024.0,7232.0,1389553.926,26.0,20.0,17302.0,16,0,1,0,0,7.0,27.0,7.0,77.77777778,43577.0,991774.9219,990.676,45.57,2.675,2.653,0,0,0.0,0,0,335.032,550.145,462.912,3.84687,AD
4354,0,1,1,0,1,1,1,0,1,0,1,1,0,0,10.0,20.0,75.7,0.998354292,1.0,1.0,1.666666667,1.75,1.833333333,1.2,1.538461538,1.428571429,1.0,2.333333333,1.875,1.666666667,1.0,1.58974359,1.0,3209.0,2.0,6.367898253,17813.0,6867.0,1402492.042,29.0,20.0,17178.0,14,0,0,1,0,8.0,26.0,5.0,100.0,24865.0,1036002.425,1039.78,25.802,2.912,2.602,0,0,0.0,0,0,339.51,614.773,485.544,2.7849,LMCI
4356,0,1,1,1,1,1,1,0,1,0,1,0,1,1,5.0,7.0,68.1,1.077450604,0.5,1.0,1.888888889,1.375,1.5,1.0,1.358974359,1.0,1.25,1.0,1.125,1.0,1.0,1.051282051,1.0,5290.0,0.0,6.199326281,18900.0,8764.0,1547648.064,28.0,26.0,21446.0,20,0,0,0,0,2.0,54.0,10.0,13.33333333,14315.0,1103567.272,1115.45,14.505,3.405,2.953,0,0,0.0,0,0,253.501,600.588,496.234,1.0548,EMCI
4359,1,1,1,1,1,1,1,0,1,0,0,1,1,1,10.0,14.0,76.7,1.310931308,3.0,1.5,1.333333333,1.375,1.666666667,1.0,1.307692308,1.0,3.0,2.777777778,2.0,2.666666667,1.4,2.205128205,1.428571429,4142.0,0.0,6.534183434,15777.0,7635.0,1452234.762,30.0,27.0,17062.0,16,0,0,0,0,5.0,37.0,8.0,45.45454545,28375.0,1008231.686,1027.86,29.22,2.87,2.589,0,0,0.0,0,0,302.922,557.388,457.547,5.6028,LMCI
4360,0,1,1,0,1,0,0,0,0,0,0,1,1,1,5.0,7.0,59.5,0.97013932,2.0,3.0,1.777777778,3.0,1.833333333,1.2,2.025641026,1.428571429,1.75,1.555555556,2.0,1.333333333,1.2,1.641025641,1.857142857,4624.0,0.0,7.109704907,20420.0,9130.0,1470496.578,30.0,25.0,19310.0,20,0,1,0,0,2.0,57.0,7.0,14.28571429,16718.0,1114368.69,1136.21,17.462,3.517,3.239,0,0,0.0,0,0,250.795,589.843,513.213,3.41852,EMCI
4363,0,1,1,1,1,0,1,0,1,1,1,1,1,0,11.0,21.0,73.5,1.533171392,1.5,2.5,2.222222222,2.875,3.166666667,1.4,2.342105263,1.666666667,1.25,1.111111111,2.125,1.0,1.2,1.307692308,1.0,3434.0,3.0,6.436105816,18347.0,6796.0,1490086.067,26.0,19.0,18141.0,13,0,1,1,0,4.0,33.0,4.0,50.0,32110.0,1002242.087,1052.78,32.444,2.648,2.332,0,0,0.0,0,0,344.999,546.581,465.72,2.1624,LMCI
4366,1,1,1,1,0,0,0,1,0,1,1,0,1,1,26.0,36.0,73.6,1.490907524,1.5,1.5,1.888888889,1.875,1.0,1.0,1.435897436,1.0,1.25,1.555555556,1.75,1.0,1.0,1.333333333,1.142857143,4652.0,1.0,4.888803996,18735.0,5854.0,1808661.773,26.0,16.0,18865.0,16,0,0,0,0,4.0,14.0,4.0,100.0,89177.0,1087288.725,1099.19,89.503,2.721,2.429,0,0,0.0,0,0,421.654,615.822,480.666,8.27066,LMCI
4377,1,1,1,1,1,1,0,1,0,0,1,0,0,1,2.0,7.0,69.3,1.121654559,1.5,2.5,1.555555556,2.5,1.666666667,1.4,1.769230769,1.142857143,2.5,1.777777778,2.625,2.0,2.2,2.153846154,2.0,3358.0,2.0,7.517050563,15040.0,6287.0,1310964.615,29.0,27.0,16425.0,12,0,1,1,0,6.0,45.0,10.0,46.15384615,19698.0,862889.4593,881.036,20.188,2.401,2.389,0,0,0.0,0,0,313.811,532.182,377.1,0.846,LMCI
4381,1,1,0,0,0,1,0,1,0,1,1,0,1,1,5.0,10.0,55.0,1.072864432,0.5,1.0,1.333333333,2.875,1.333333333,1.2,1.58974359,1.285714286,1.0,1.0,1.125,1.333333333,1.0,1.076923077,1.0,3948.0,0.0,6.266884053,17124.0,7798.0,1365853.383,27.0,26.0,18513.0,17,0,1,0,0,3.0,50.0,5.0,25.0,23750.0,986424.3092,996.145,24.086,3.132,3.084,0,0,0.0,0,0,306.059,510.377,479.094,0.5412,LMCI
4392,0,1,1,1,1,1,1,1,1,1,0,0,0,0,15.0,23.0,82.4,1.649729663,2.0,1.5,1.375,3.0,1.0,1.0,1.647058824,1.166666667,1.75,1.25,2.625,2.166666667,1.25,1.72972973,1.142857143,3030.0,3.0,6.229474317,18103.0,5565.0,1524622.317,29.0,23.0,20055.0,12,0,0,0,0,5.0,25.0,2.0,83.33333333,39743.0,1066968.532,1070.99,39.858,2.257,2.683,0,0,0.0,0,0,373.756,628.487,413.107,33.7884,EMCI
4394,0,0,1,1,1,0,0,0,1,1,1,0,0,0,6.0,6.0,75.9,1.053883537,1.0,1.25,2.0,1.428571429,1.833333333,1.0,1.5,1.142857143,1.5,1.222222222,1.571428571,2.0,1.6,1.486486486,1.166666667,3532.0,1.0,6.540830631,17838.0,6791.0,1507870.89,30.0,25.0,21492.0,18,0,1,0,0,2.0,64.0,8.0,13.33333333,32501.0,1033900.246,1055.55,33.498,2.541,2.576,0,0,0.0,0,0,337.585,604.238,447.235,10.4484,LMCI
4403,2,1,0,1,0,0,1,1,1,1,1,1,1,1,11.0,16.0,74.3,1.178445984,1.0,1.5,3.0,2.75,1.666666667,2.8,2.564102564,3.0,2.5,3.555555556,2.875,1.0,1.2,2.277777778,1.25,3722.0,1.0,6.221603164,13472.0,5665.0,1242191.224,27.0,16.0,21272.0,14,0,1,0,6,4.0,41.0,4.0,44.44444444,27104.0,996228.5925,1011.49,28.896,2.128,2.29,0,0,0.0,0,0,265.11,571.35,422.377,26.4036,LMCI
4405,1,1,0,1,1,1,0,0,1,0,1,1,1,0,6.0,9.0,71.4,1.340409896,1.0,1.25,2.333333333,2.375,1.0,1.4,1.743589744,1.428571429,1.25,1.222222222,1.5,2.166666667,1.2,1.41025641,1.142857143,4896.0,0.0,6.4912016,18409.0,8568.0,1686403.334,29.0,28.0,24292.0,18,0,0,0,0,4.0,44.0,9.0,33.33333333,15041.0,1250771.442,1274.22,15.77,3.301,3.183,0,0,0.0,0,0,323.734,617.01,599.945,1.146,EMCI
4406,0,0,0,1,0,1,1,0,1,1,1,1,0,1,11.0,16.0,78.9,1.26721063,3.5,1.5,2.0,2.375,2.333333333,2.2,2.025641026,1.571428571,1.25,2.222222222,1.875,1.666666667,1.4,1.692307692,1.285714286,3295.0,3.0,6.076068801,18010.0,6986.0,1603178.828,29.0,24.0,19295.0,19,0,0,0,0,7.0,29.0,9.0,70.0,82836.0,974325.491,987.141,84.442,2.617,2.598,0,0,0.0,0,0,378.283,569.395,418.789,0.2016,LMCI
4415,2,1,1,1,1,1,0,0,0,0,0,1,1,0,11.0,17.0,75.1,1.745826137,4.0,1.75,1.333333333,2.125,1.0,1.0,1.41025641,1.142857143,4.0,2.555555556,4.0,3.0,2.8,3.230769231,3.285714286,2668.0,11.0,5.85890649,16512.0,5883.0,1276355.762,28.0,26.0,16784.0,13,0,1,1,0,10.0,35.0,6.0,100.0,10509.0,927602.2506,960.622,10.108,1.879,2.017,0,0,0.0,0,0,258.064,545.657,371.899,5.6796,EMCI
4417,0,1,0,0,0,1,0,1,0,1,1,1,1,1,6.0,11.0,74.4,1.084129225,1.5,1.0,1.111111111,1.375,1.0,1.0,1.102564103,1.0,1.25,1.111111111,1.375,1.0,1.4,1.179487179,1.0,4111.0,0.0,5.759419649,21237.0,8000.0,1761603.548,30.0,25.0,23095.0,16,0,0,0,0,1.0,39.0,8.0,9.090909091,51371.0,1132485.492,1157.77,52.434,2.797,2.704,0,0,0.0,0,0,430.35,673.834,499.039,13.7196,EMCI
4419,1,1,1,1,1,0,0,1,1,0,0,1,1,0,2.0,6.0,63.8,1.249351056,0.5,2.5,1.888888889,2.5,2.333333333,1.8,2.102564103,1.714285714,2.75,1.555555556,2.5,3.166666667,1.6,2.076923077,1.285714286,3453.0,2.0,6.275954554,17529.0,7976.0,1368422.189,30.0,28.0,16367.0,18,0,1,2,2,5.0,50.0,6.0,38.46153846,16095.0,939272.0483,975.271,16.64,2.752,2.72,0,0,0.0,0,0,279.547,559.462,433.044,0.909733,EMCI
4426,0,1,1,1,0,0,1,1,1,0,1,1,1,0,16.0,24.0,77.2,0.921459125,5.5,2.0,1.333333333,2.375,1.166666667,2.4,1.743589744,1.428571429,1.75,1.666666667,2.75,1.833333333,1.8,1.846153846,1.142857143,3447.0,4.0,6.860818261,19822.0,5793.0,1816063.223,28.0,21.0,21873.0,16,0,0,0,0,7.0,29.0,4.0,100.0,101194.0,1140681.049,1165.82,102.102,2.587,2.111,0,0,0.0,0,0,412.702,622.348,542.828,9.79186,LMCI
4434,0,1,1,1,0,0,1,1,1,1,1,1,0,1,6.0,10.0,66.5,1.03929137,2.0,1.75,1.222222222,2.375,1.166666667,1.6,1.666666667,1.857142857,4.0,2.666666667,3.75,4.0,3.4,3.41025641,3.142857143,3673.0,0.0,6.573654443,17339.0,7852.0,1328521.207,30.0,23.0,21914.0,17,0,0,2,0,7.0,32.0,3.0,100.0,18533.0,1017289.316,1032.73,19.423,2.859,2.516,0,0,0.0,0,0,275.487,564.129,487.954,1.03103,EMCI
4443,0,1,1,1,1,1,1,0,1,1,1,0,1,0,6.0,8.0,67.9,0.998715212,0.5,1.5,1.888888889,2.125,1.166666667,1.4,1.615384615,1.285714286,2.0,1.0,2.125,1.166666667,1.0,1.358974359,1.0,3674.0,0.0,6.44675956,21551.0,8587.0,1510904.065,29.0,28.0,22515.0,12,0,0,0,0,0.0,53.0,11.0,0.0,28733.0,1103751.024,1116.84,30.578,3.17,2.965,0,0,0.0,0,0,303.529,595.799,515.662,2.9364,EMCI
4444,0,1,1,1,0,0,1,0,0,0,0,0,0,0,6.0,11.0,77.5,1.145177466,2.5,1.25,1.444444444,1.625,1.333333333,1.0,1.307692308,1.0,2.5,1.666666667,2.875,1.833333333,2.2,2.230769231,2.428571429,3709.0,5.0,6.811323503,19681.0,6230.0,1405171.409,29.0,25.0,20550.0,18,0,0,0,0,5.0,32.0,3.0,71.42857143,30690.0,953268.0239,968.811,31.961,2.21,2.185,0,0,0.0,0,0,324.281,560.624,438.512,4.6332,LMCI
4456,0,1,1,0,1,1,1,0,1,0,1,1,1,1,11.0,19.0,77.5,1.269159242,1.5,1.5,1.666666667,2.25,1.333333333,1.0,1.564102564,1.285714286,2.5,2.333333333,3.375,3.2,2.4,2.736842105,2.571428571,4368.0,15.0,6.296843694,19548.0,6606.0,1669238.423,26.0,23.0,21064.0,16,0,0,0,0,4.0,25.0,3.0,66.66666667,94854.0,1059013.256,1060.18,96.189,2.9,2.799,0,0,0.0,0,0,468.727,632.239,471.608,3.0156,LMCI
4462,0,1,1,1,1,1,1,1,0,0,1,0,1,1,14.0,23.0,71.3,1.36739503,1.0,1.75,1.111111111,2.5,1.166666667,1.4,1.512820513,1.142857143,1.0,1.25,2.25,1.0,1.5,1.444444444,1.285714286,2622.0,0.0,5.54580794,18041.0,7008.0,1773820.856,30.0,22.0,22729.0,18,0,0,0,0,7.0,31.0,3.0,87.5,61748.0,1138913.151,1152.01,63.157,2.977,2.843,0,0,0.0,0,0,424.813,651.484,542.22,5.496,LMCI
4463,1,1,0,0,1,1,1,0,1,1,0,1,1,0,3.0,7.0,66.5,0.978501436,1.0,2.5,2.333333333,3.25,1.666666667,1.2,2.051282051,1.0,3.0,2.333333333,2.25,1.6,1.75,1.9375,1.0,4034.0,0.0,6.530495829,16767.0,6248.0,1465919.76,28.0,23.0,19175.0,13,0,0,0,0,6.0,40.0,8.0,54.54545455,26749.0,1049325.828,1069.59,27.248,2.101,2.122,0,0,0.0,0,0,295.51,594.863,490.169,0.9828,EMCI
4465,1,1,1,1,0,0,1,1,1,1,0,0,1,1,4.0,8.0,61.1,1.033113595,2.0,2.5,1.777777778,1.571428571,1.5,1.0,1.558823529,1.0,1.25,1.111111111,1.25,2.0,1.0,1.263157895,1.142857143,3882.0,4.0,6.87477322,18806.0,8274.0,1464560.285,28.0,25.0,24300.0,16,0,1,0,0,1.0,48.0,8.0,7.692307692,7696.0,1084236.566,1092.9,8.004,2.917,3.009,0,0,0.0,0,0,277.598,593.302,509.016,0.504,EMCI
4467,2,1,1,1,0,1,1,0,1,0,1,1,1,1,13.0,18.0,61.9,1.361923041,0.5,1.5,2.111111111,2.625,1.0,1.2,1.769230769,1.571428571,1.0,1.0,1.75,1.0,1.2,1.179487179,1.0,3237.0,0.0,6.462398668,19458.0,7627.0,1377424.126,27.0,24.0,18739.0,12,0,1,0,0,7.0,35.0,5.0,100.0,12720.0,1031603.682,1054.93,13.511,2.97,2.364,0,0,0.0,0,0,268.213,587.21,450.65,1.12757,EMCI
4473,1,0,1,1,0,1,0,1,0,0,1,1,1,1,7.0,11.0,74.8,1.421583653,2.0,2.25,2.0,2.125,1.833333333,2.0,1.846153846,1.0,2.5,2.222222222,2.375,1.833333333,2.2,2.205128205,2.142857143,4413.0,0.0,6.366989318,21443.0,9544.0,1814768.073,27.0,22.0,23745.0,16,0,0,0,0,4.0,44.0,7.0,33.33333333,77138.0,1193202.105,1194.59,78.098,2.886,2.857,0,0,0.0,0,0,436.944,645.895,520.438,0.4572,EMCI
4475,1,1,1,0,1,1,0,0,0,1,1,0,1,0,14.0,22.0,83.9,1.068556202,2.0,1.5,1.555555556,1.125,1.166666667,1.2,1.256410256,1.0,3.5,2.444444444,3.0,2.5,1.4,2.459459459,1.8,2663.0,9.0,5.383652509,14884.0,4666.0,1554288.747,26.0,17.0,17995.0,14,0,0,0,0,4.0,19.0,1.0,100.0,50517.0,955049.8987,968.724,51.79,1.914,1.813,0,0,0.0,0,0,450.74,581.433,446.858,5.4492,EMCI
4476,0,1,1,1,0,0,0,1,1,1,1,1,1,1,7.0,8.0,88.6,0.994036773,2.5,2.25,1.555555556,1.375,1.5,1.2,1.487179487,1.285714286,2.0,1.888888889,3.5,3.4,2.2,2.5,2.0,3592.0,11.0,6.363262585,13960.0,5787.0,1376388.943,30.0,22.0,17642.0,11,0,0,0,5,5.0,28.0,2.0,83.33333333,36288.0,937580.8683,952.696,34.662,2.388,2.309,0,0,0.0,0,0,375.816,572.455,401.623,16.4376,EMCI
4494,2,1,0,0,1,0,0,0,0,0,1,0,1,1,16.0,26.0,71.1,1.27168719,5.5,1.25,2.333333333,2.75,1.0,1.2,1.717948718,1.0,4.0,2.777777778,3.0,2.166666667,3.4,3.0,3.142857143,2570.0,9.0,5.888845323,16849.0,5629.0,1485590.858,25.0,21.0,25031.0,12,0,0,0,0,4.0,25.0,3.0,66.66666667,26738.0,1107747.528,1100.35,26.52,2.201,2.095,1,1,1.0,5,1,335.092,632.429,471.639,28.9283,AD
4500,0,1,0,1,1,0,0,0,1,0,0,1,0,1,14.0,25.0,90.3,1.542529253,6.0,4.0,3.111111111,4.0,2.833333333,3.2,3.256410256,2.571428571,4.0,3.666666667,4.0,4.0,4.0,3.897435897,3.857142857,2808.0,28.0,5.805547479,15945.0,6616.0,1372271.213,22.0,12.0,18818.0,13,0,1,1,0,3.0,18.0,0.0,100.0,51859.0,917992.1827,933.795,51.023,2.887,2.535,0,0,0.0,0,0,309.577,510.373,405.904,25.4329,AD
4514,1,1,1,1,0,0,0,1,1,0,0,0,1,1,9.0,16.0,67.6,0.933340354,1.0,4.0,2.111111111,2.625,2.5,2.6,2.58974359,2.428571429,1.25,1.444444444,2.25,1.0,2.0,1.615384615,1.571428571,4241.0,1.0,6.140504082,17234.0,8576.0,1470558.242,30.0,24.0,20548.0,14,0,1,0,0,9.0,42.0,4.0,100.0,49024.0,1027418.474,1044.14,49.812,3.5,3.33,0,0,0.0,0,0,319.461,562.908,483.457,5.50791,EMCI
4521,1,1,1,1,0,1,0,0,1,1,0,0,0,0,11.0,18.0,70.0,1.593085586,3.0,2.0,1.777777778,2.625,1.666666667,1.6,1.794871795,1.0,2.5,2.125,3.5,2.8,2.4,2.675675676,2.571428571,3420.0,11.0,5.736277765,16401.0,7027.0,1602078.654,27.0,23.0,20958.0,18,0,0,0,0,5.0,27.0,3.0,71.42857143,25920.0,1115380.707,1126.3,26.742,3.124,2.682,0,0,0.0,0,0,376.526,605.45,505.309,2.2416,LMCI
4526,2,0,0,1,1,1,0,1,1,0,1,1,1,0,15.0,24.0,79.4,1.484586878,2.5,2.25,2.666666667,2.625,2.0,2.4,2.384615385,2.142857143,2.0,1.888888889,2.0,1.666666667,1.8,1.717948718,1.0,2883.0,6.0,5.847545225,16071.0,4977.0,1495804.917,22.0,19.0,18466.0,16,0,0,2,0,5.0,25.0,0.0,100.0,55032.0,958398.6511,976.855,56.043,2.269,1.744,0,0,0.0,0,0,348.452,561.991,419.339,4.4208,AD
4530,1,1,1,1,0,1,0,1,1,0,1,1,0,1,10.0,16.0,75.9,1.286939372,2.5,2.5,2.444444444,2.5,2.333333333,2.6,2.41025641,2.142857143,2.0,3.375,2.875,1.75,1.8,2.472222222,2.142857143,3381.0,2.0,4.940966262,13152.0,6749.0,1621407.392,30.0,23.0,20506.0,18,0,0,0,0,2.0,32.0,6.0,20.0,62746.0,1083788.941,1113.21,64.227,2.746,2.759,0,0,0.0,0,0,394.577,632.417,507.133,8.8956,EMCI
